"",BD_ID1,BD_ID2,BD_ID3,BD_ID4,BD_ID5,BD_ID6,BD_ID7,BD_ID8,BD_ID9,BD_ID10,BD_ID11,CTR_ID1,CTR_ID2,CTR_ID3,CTR_ID4,CTR_ID5,CTR_ID6,CTR_ID7,CTR_ID8,CTR_ID9,CTR_ID10,CTR_ID11,CTR_ID12,CTR_ID13,CTR_ID14,CTR_ID15,MDD_ID1,MDD_ID2,MDD_ID3,MDD_ID4,MDD_ID5,MDD_ID6,MDD_ID7,MDD_ID8,MDD_ID9,MDD_ID10,MDD_ID11,SCZ_ID1,SCZ_ID2,SCZ_ID3,SCZ_ID4,SCZ_ID5,SCZ_ID6,SCZ_ID7,SCZ_ID8,SCZ_ID9,SCZ_ID10,SCZ_ID11,SCZ_ID12,SCZ_ID13
HSF1,7.593522,7.414498,7.551313,7.604576,7.818765,7.452378,7.505604,7.570283,7.905238,7.704259,7.670232,7.340414,7.528332,7.5056,7.69391,7.530264,7.551225,7.755854,7.818414,7.797643,7.798849,7.920526,7.86206,7.743096,7.738984,7.742929,7.625776,7.823847,8.057398,7.849767,7.603497,7.807658,7.782184,7.848711,7.659501,7.931121,7.764101,7.596976,7.841152,7.753763,7.559789,7.684184,7.67099,7.432087,7.460204,7.967542,7.468519,7.908966,7.74495,7.751262
PDLIM5,4.19469,4.300449,4.141026,4.067548,4.296824,4.309824,4.394849,4.16677,4.649225,3.909871,4.503751,4.692891,4.582024,4.782004,4.622543,4.624847,4.844545,4.50484,4.417823,4.575403,4.631696,4.714076,4.500377,4.674577,4.605882,4.711818,4.229397,4.167312,4.281362,4.753488,4.204984,4.361431,4.144499,4.38302,4.229146,4.400152,4.246113,4.844835,4.717912,4.620235,4.466328,4.593792,4.412848,4.353382,4.909934,4.74444,4.832742,4.481445,4.358351,4.708964
MSX2,3.91224,3.84105,3.701938,3.912098,3.703137,3.700736,3.969032,3.65019,3.896163,3.918197,3.739111,5.316424,5.217996,5.03437,5.409852,5.112273,5.244062,5.140327,5.12902,4.721838,5.286536,5.547949,4.89766,4.890052,4.869763,5.184156,3.624704,3.99695,3.765337,3.915079,3.848671,3.725306,3.898827,3.878943,3.906616,3.921598,3.881678,5.032185,4.794092,4.97302,5.159254,5.144413,4.642745,5.264164,5.269129,4.87006,5.179121,4.952265,4.946937,5.214099
PML,6.565121,6.569837,6.551878,6.570909,6.629373,6.553288,6.677511,6.553654,6.480951,6.526635,6.675185,7.330089,7.225315,7.30596,7.316944,7.709876,7.497285,7.131602,7.453597,7.275461,7.307404,7.262027,7.269258,7.266297,7.161371,7.180416,6.682785,6.621294,6.663908,6.867981,6.849615,6.664133,6.55716,6.594377,6.815967,6.649274,6.817638,7.271503,7.312671,6.941866,7.559706,7.29431,6.902887,7.276607,7.421127,7.168311,7.553754,7.272436,7.148963,7.017256
DEDD,6.043961,5.914945,6.169624,5.811971,5.874334,6.040275,5.941909,6.045629,6.093379,6.216374,5.90228,5.944118,6.107237,6.31697,6.041116,6.124517,5.819822,5.89681,5.961567,6.023977,6.119039,6.001992,6.125375,5.98728,6.008541,5.990403,6.170577,6.140738,6.142714,6.304331,6.35942,6.139752,5.918746,6.293965,6.19412,6.134906,6.121947,5.946706,6.365684,6.048708,5.925852,5.990342,6.157977,5.953432,6.041752,5.999675,6.207576,6.100354,6.034036,6.134458
RAB8A,6.235237,6.353685,6.318565,6.209181,6.272028,6.468419,6.246321,6.351017,6.258136,6.637794,6.493603,6.236853,6.371022,6.396871,6.398535,6.439216,6.424311,6.470269,6.529503,6.292468,6.572927,6.464621,6.480854,6.668884,6.561993,6.523891,6.472678,6.364704,6.156569,6.439064,6.528779,6.532569,6.794591,6.771773,6.490523,6.551998,6.554276,6.110287,6.369568,6.367855,6.271178,6.373744,6.294706,6.392375,6.388216,6.225772,6.30289,6.398851,6.316914,6.501189
ELF3,4.879226,4.481001,4.630118,4.943885,4.642466,4.624869,4.515094,4.670392,4.605525,4.488687,4.5047,4.442933,4.519279,4.567253,4.48104,4.435011,4.606393,4.175075,4.522027,4.310708,4.287602,4.270632,4.277003,4.336133,4.316118,4.326183,4.422862,4.640296,4.59484,4.848538,4.206409,4.334577,4.187109,4.08123,4.513426,4.244708,4.282222,4.869611,4.349438,4.39036,4.774025,5.161367,4.138501,4.572272,4.335925,4.495776,4.648687,4.117651,4.2827,4.271125
CDC5L,2.918337,2.742434,2.814158,2.760304,2.8702,2.748367,2.831504,2.76849,2.861687,2.910959,2.828363,2.80353,2.854854,2.76373,2.485268,2.735147,2.665962,2.652879,2.717745,2.552579,2.812272,2.398805,2.532268,2.582536,2.560819,2.5824,2.976225,2.668242,2.509241,2.705367,2.75266,2.660373,2.385198,2.613282,2.607182,2.844678,2.744819,2.684717,2.758058,2.669576,2.811586,2.695557,2.910433,2.815312,2.873101,2.800415,2.907908,2.965977,2.841674,2.755937
ZNF211,4.448121,4.722869,4.285932,4.690489,4.267327,4.328995,4.376896,4.39676,4.793549,4.824614,4.56972,4.620693,4.448297,4.758533,4.662692,4.792239,4.68287,4.646707,4.92922,4.828429,4.825383,4.654344,4.776994,4.550013,4.641233,4.809849,4.963731,4.606721,4.532454,4.999643,4.657064,4.793825,4.636482,4.72015,4.665494,4.72196,4.593873,4.39752,4.663391,4.591294,4.972334,4.622613,4.533465,4.292912,4.627515,4.435662,4.521921,4.395415,4.491681,4.500314
FOXF2,4.52534,4.81869,4.936654,4.772364,4.921325,4.825912,5.031065,4.687238,4.923211,4.978635,4.715889,4.862473,5.004159,5.084704,4.809082,4.851822,4.558371,4.808399,4.665814,4.939328,5.041649,4.80045,4.807984,4.651514,4.911662,4.928865,4.813364,5.170577,5.109775,5.503841,4.71565,4.990782,5.32244,5.54519,4.846133,4.909943,4.991391,4.865986,5.05442,4.720401,4.282241,4.653302,4.668416,4.938266,4.763126,4.624448,4.67358,4.927086,4.884096,5.162308
MAML1,5.231746,5.419298,5.110836,5.464451,5.507733,5.408952,5.695874,5.519354,5.648263,4.882403,5.85437,5.743036,5.698882,5.563803,5.752046,5.509033,5.80866,5.74268,5.714758,5.720483,5.801395,5.622296,5.450083,5.395648,5.512136,5.760791,6.036498,5.730918,6.138397,5.926602,5.951724,5.747141,5.682581,6.105782,5.61338,6.054524,5.625561,5.453977,5.748577,5.527912,5.627515,5.546829,5.448306,5.663821,5.746363,5.53973,5.547532,5.559622,5.602754,5.642642
MBD3,8.698839,8.611101,8.88957,8.979128,9.225469,8.880663,8.86485,9.115633,9.354003,8.972595,9.019613,8.922648,8.930953,9.28717,8.953801,8.954296,9.131802,9.059498,9.120969,9.276164,9.10486,9.116779,9.148626,9.07132,9.020346,9.185906,9.145177,9.474592,9.237514,9.460159,8.97482,9.079065,9.052781,9.128254,9.112413,9.148061,9.110009,9.042278,9.022201,9.331698,8.989484,9.084183,9.193131,8.953646,8.820291,9.313845,8.879504,9.080901,9.16438,9.113353
PHF20,4.688708,4.696701,4.714974,4.80422,4.613684,4.757146,4.729959,4.886341,4.621274,4.752948,4.678607,4.711766,4.371343,4.278947,4.326102,4.325534,3.963481,4.542173,3.967856,4.535171,4.593432,4.509871,4.481769,4.754685,4.832192,4.754254,4.481274,4.655453,4.73584,4.287659,4.901578,4.69694,5.024115,4.844216,4.320931,4.376209,4.679626,5.039252,4.740899,4.841833,4.698345,4.890857,4.778419,4.674391,4.695785,4.913723,4.613989,4.845654,4.935799,4.758857
ZC3H4,5.314399,5.655223,5.614223,5.111329,5.870867,5.6643,5.356551,5.669264,6.106323,5.441088,5.83348,5.467042,5.64842,5.934386,5.775884,5.813602,5.313739,5.587188,5.850491,5.839263,6.016855,5.826654,5.799367,5.821204,5.78801,5.620106,5.909337,5.728365,5.895886,5.858848,5.882452,5.75492,5.836522,6.019198,5.696022,6.031444,5.895169,5.551537,6.080638,5.699081,5.526798,5.430157,5.86762,5.606818,5.990936,5.78014,5.744429,5.722064,5.684427,5.977782
STAT1,5.385313,5.818204,5.635282,5.686241,5.410155,5.606796,5.553298,5.723939,5.402056,5.713922,5.540229,5.732146,5.524171,5.071189,5.392629,5.38919,5.357197,5.56799,5.208562,5.337737,5.37926,5.391705,5.313581,5.467403,5.457492,5.563087,5.75969,5.644914,5.417253,5.623407,5.860949,5.809497,5.885643,5.72106,5.672056,5.603315,5.729414,5.457606,6.169577,5.487315,5.502145,5.354014,5.917036,5.712337,5.676487,5.943943,5.749005,5.477296,5.668246,5.506457
TRIP13,4.824858,4.953982,5.115011,5.045553,5.104097,5.36074,5.205681,5.006913,4.760556,4.961998,5.118444,5.563826,5.015441,5.433173,5.262296,5.536069,5.642186,5.363135,4.931365,5.393638,5.315377,5.266895,5.334817,5.335244,5.384341,5.280064,5.49044,5.146851,5.093415,4.693612,5.02003,5.303449,5.294193,5.172421,5.204663,5.317579,5.465031,5.030552,4.934587,4.682014,4.943693,5.343623,5.445546,5.322117,5.365718,4.907687,5.282053,5.01845,5.187593,5.240809
CEBPZ,5.784779,5.806674,5.745212,6.007841,5.861212,5.722916,5.605841,5.786339,6.131856,5.909605,6.10179,5.700561,5.656243,5.44164,5.636578,5.476536,5.575177,5.697007,5.679845,5.579032,5.772467,5.662337,5.742229,5.746758,5.70078,5.713458,5.879733,5.702623,5.974314,5.807105,5.901358,5.858571,5.854539,5.835526,5.615848,6.024814,5.769611,5.840588,5.869301,5.661294,5.631566,5.664945,5.876781,5.671534,5.661611,5.684776,5.429359,5.761257,5.690816,5.57064
ZNF254,3.75934,4.348217,3.750618,4.134466,3.719779,3.997618,3.694496,3.688918,3.423585,5.882974,4.31385,3.650004,3.848394,3.773268,3.577331,3.340463,3.598834,3.868589,3.85858,3.56715,3.755592,3.617303,3.863174,3.778178,3.797292,4.088346,4.295167,3.569821,4.158315,3.883239,4.351964,4.18942,4.227728,5.14327,3.593603,4.108189,3.842051,3.843918,3.514798,3.889879,3.725485,3.561535,3.665242,3.167003,3.636961,3.624789,3.202974,3.384704,3.433264,3.811622
PDE8B,7.980676,8.074479,7.923287,7.878118,8.044826,7.986393,8.169018,8.019439,7.843327,8.022941,7.935959,8.21264,8.321603,8.209854,7.759463,7.989365,7.778718,7.92807,7.588302,8.095813,8.033402,8.052673,8.131301,8.06702,7.964112,7.911304,7.897978,8.437165,8.136656,8.532809,8.066448,8.133995,8.498432,8.464953,7.774849,8.341209,8.401771,8.062284,8.29689,8.495002,8.143341,7.128073,8.607535,8.451638,8.38508,8.483169,8.406065,8.212615,8.306002,8.38899
TULP3,5.687797,5.730233,5.911844,5.725942,5.925326,5.641512,5.751925,5.74707,6.159241,6.125151,5.959376,5.293774,4.82255,5.281106,5.279071,5.01419,5.276666,5.143717,5.862554,5.494248,5.180106,5.176644,5.315569,5.096979,5.46719,5.377641,5.435368,5.277536,5.296689,5.820282,5.692773,5.465484,5.249279,5.526619,5.512938,5.245377,5.007329,5.04969,5.556742,5.140431,5.151388,5.27277,4.953517,4.869665,5.007102,5.540341,4.882794,5.201434,5.036839,5.263089
STAT6,6.194793,6.148332,6.327286,6.034368,6.235391,6.34001,6.421782,6.495836,5.970115,6.044211,6.256091,6.493177,6.314986,6.398733,6.308475,6.528385,6.589713,6.520948,6.235975,6.203918,6.421321,6.433472,6.566077,6.549319,6.554368,6.348138,5.909963,6.708984,6.306144,6.173834,6.125483,6.434923,6.456689,6.268756,6.546292,6.479114,6.40451,6.266966,6.140904,6.172934,6.20654,6.336137,6.263528,6.531387,6.386592,6.130235,6.530724,6.359329,6.211307,6.414692
SETD1A,8.147416,8.078781,7.863978,8.295387,8.050984,8.015943,8.135065,8.02545,8.113227,8.366955,8.126071,7.919637,8.048787,8.172053,8.093706,7.957228,8.126579,7.927564,8.095717,8.229223,7.936115,7.870942,7.933663,7.840845,7.964607,7.961896,7.94948,8.112959,8.117122,8.395733,7.897141,8.037306,7.881184,8.056558,8.065809,8.002771,7.733157,7.988148,8.057677,8.000489,8.196046,8.11855,8.038441,7.651642,7.913289,8.019071,7.777992,7.930694,7.8152,8.016599
MAPK14,5.055943,5.216057,5.018968,5.140699,5.065477,5.120848,5.219025,5.01847,5.197268,5.532802,5.07784,4.88135,4.950676,4.820694,4.988216,4.887413,5.03743,4.865719,4.808015,4.881184,4.916909,4.801225,4.943644,4.913267,4.805776,4.789714,5.129339,5.085133,5.000441,5.14191,4.990236,5.084542,5.243602,5.177446,5.232645,5.290894,5.143485,4.852284,4.847429,4.853986,4.744255,4.645281,5.06052,4.907529,4.877603,4.814028,4.683652,4.865896,4.920879,4.910259
TRIM32,4.832577,4.738565,4.76009,4.826675,4.472482,4.808706,4.72476,4.919797,4.16837,4.412897,4.747701,4.789811,4.819855,4.617548,4.812689,4.784562,4.694006,4.863338,4.557967,4.72148,5.003652,4.750377,4.712989,4.964488,4.801248,5.052287,4.773132,4.645797,4.553347,4.567309,4.6838,4.899934,5.172663,5.054329,4.581196,4.835311,4.917822,4.820665,4.542305,5.093381,4.753632,4.786121,5.188111,4.880387,4.948078,4.890612,4.587539,4.879733,4.862545,5.098757
WHSC1,5.157793,5.201099,5.087742,5.293131,5.079066,4.93484,5.268146,5.133154,5.33331,5.570066,5.379167,4.869683,5.041842,5.170965,5.128915,4.978189,5.111523,4.985699,4.991196,5.016833,5.294967,5.098364,5.093773,5.079136,4.929976,5.055826,5.592812,5.290985,5.383547,5.304253,5.289565,5.31546,5.317413,5.415155,5.282161,5.307171,5.205264,4.891614,4.908317,4.946534,4.933588,5.053342,4.904396,4.888959,4.951877,5.190908,4.779978,5.010401,4.927503,5.095772
TGIF2,6.139884,5.584077,5.479501,6.177032,5.81189,5.576512,5.781828,5.641231,6.512118,5.553249,5.637805,5.509912,5.81589,5.807328,5.781472,5.34603,5.794947,5.646752,5.828461,5.504264,5.387999,5.431144,5.45479,5.551985,5.477888,5.620711,5.97877,5.775799,5.604186,6.566312,5.640583,5.649608,5.601988,5.586152,5.878259,5.857738,5.717505,5.878588,5.539854,5.621289,6.144549,5.63987,5.122322,5.452521,5.380544,5.310533,5.332378,5.464388,5.343693,5.68477
GCLC,5.535278,6.622375,6.823317,6.103796,5.729309,6.335727,5.861905,6.152882,6.393041,6.116095,6.491776,6.335046,5.901636,5.743744,6.209699,6.125726,5.85872,6.100724,6.799625,6.282574,6.008132,5.950003,6.02065,6.005413,6.097976,6.425839,7.014911,5.724611,6.230801,5.751965,6.424111,6.192693,6.40787,6.058252,6.30187,5.802897,6.222226,5.59669,5.818902,5.816145,6.226793,6.089164,6.089485,5.77874,5.917219,5.524544,5.795509,5.883646,5.855856,6.011478
ZNF140,3.282389,3.543265,3.24271,3.40629,3.426706,3.269357,3.658913,3.280502,3.159615,3.30347,3.235562,3.239849,3.352774,3.27529,3.620473,3.300202,3.369342,3.594664,3.555758,3.487518,3.455569,3.320604,3.552138,3.308406,3.351633,3.510439,3.45786,3.435796,3.680499,3.676136,3.40656,3.476633,3.657618,3.538239,3.564007,3.76425,3.606006,3.231577,3.1671,3.356039,3.221279,2.931943,3.305345,3.047805,3.44961,3.295618,3.549629,3.254452,3.056463,3.197401
SKI,4.372563,4.462608,4.769092,4.83212,4.739338,4.67211,4.702844,4.60763,4.733419,4.848557,4.554958,4.599832,4.732024,4.885614,4.685369,4.801853,4.865782,4.725858,4.577601,4.609202,4.679526,4.682434,4.517093,4.573549,4.594568,4.58378,5.048694,5.060282,4.710435,5.098591,4.595034,4.727662,4.585307,4.747213,5.092891,4.893017,4.922552,4.745536,4.657383,4.657098,4.586986,4.893801,4.268084,4.810277,4.909825,4.514672,5.213341,4.820486,4.790681,4.824249
KHSRP,6.537663,6.906036,6.953773,6.53312,6.923265,6.922989,6.790053,6.799477,6.998198,7.254467,6.796541,6.910003,6.750152,6.780305,6.872909,7.032502,6.76299,6.851001,6.84969,6.938323,7.165988,7.002045,7.012434,6.974354,7.063849,7.000436,7.06115,6.837647,7.27919,6.816908,7.239188,6.920766,7.074571,7.036055,6.901455,7.180941,7.17099,6.73554,7.220769,7.010116,6.847644,6.820117,6.849196,6.90292,7.176693,7.13188,6.782118,6.940229,6.980064,7.013094
CORO1A,8.111029,8.006306,8.477908,8.059687,8.151946,8.70572,7.954968,8.706937,7.602076,7.688253,8.058642,7.839264,8.249365,8.63618,8.555763,8.370403,8.455639,8.639324,8.233925,8.250575,8.546987,8.469031,8.86621,8.978501,8.811262,8.843647,7.610315,8.371441,8.059886,7.821794,8.153147,8.684121,8.785346,8.456574,8.431739,8.278303,8.639825,8.359831,7.854014,8.449166,7.868217,7.716203,8.265481,8.239621,7.986926,8.15368,8.29059,8.450395,8.61407,8.668563
LRRFIP1,3.331487,3.629668,3.3187,3.44247,3.610838,3.737967,3.923976,3.754515,3.657273,3.455926,3.383782,3.673597,3.865313,3.25411,3.250056,3.787434,3.526047,3.685736,3.212695,3.34472,3.387901,3.175785,3.430363,3.591678,3.357868,3.529608,3.886153,4.051814,3.94023,3.905145,3.798951,3.807029,4.401492,3.973647,3.518435,3.677565,4.028787,3.653821,4.452958,3.81835,3.440465,3.600357,4.147918,4.272474,4.100347,4.1456,4.087544,3.85363,3.833823,3.876535
MYT1,5.542954,5.309097,5.038635,5.671955,5.454314,5.134488,5.580748,5.182652,5.624286,5.103202,5.041399,6.584111,6.765905,6.37965,6.684065,6.600124,6.892676,6.725476,6.763444,6.508437,6.399513,6.453897,6.231401,6.487919,6.287733,6.307977,5.550022,5.456278,5.341209,5.676154,4.964916,5.146829,5.111796,5.100154,5.304609,5.254995,5.136535,5.493908,5.257438,5.181178,5.443636,5.729533,4.987805,5.334293,5.13687,5.41979,5.211166,5.212164,5.060271,5.26408
RBBP8,4.48484,4.844201,4.766781,4.942721,4.658043,4.771763,4.769501,4.659844,4.741178,4.7111,4.8813,4.893971,4.803267,4.823136,4.79598,4.825598,5.032733,4.917759,4.776795,4.845254,4.878926,4.802523,4.813244,4.66502,4.762846,4.714268,4.996459,4.909091,4.665036,4.874784,4.670147,4.888247,4.761291,4.704894,4.815058,4.757963,4.827766,4.604005,4.590922,4.523256,4.665207,4.986022,4.652584,4.677549,4.721239,4.385315,4.529677,4.651515,4.492168,4.653278
ZNF629,6.338376,6.15686,6.368706,6.276191,6.159656,6.27222,6.204765,6.373279,6.532672,6.683707,6.191657,5.912292,6.119292,6.259989,6.032738,5.666891,6.061086,6.053505,6.216006,6.322103,6.213222,6.169096,6.306602,5.991699,6.338215,6.153448,6.298076,6.44413,6.446433,6.425284,6.411236,6.311704,6.238312,6.190376,6.297443,5.952073,6.009867,6.185883,6.237194,6.399975,6.581348,6.226062,6.092463,5.762397,5.993185,6.271366,5.70607,6.383567,5.973629,6.127685
ATF7,4.188758,4.159741,3.970581,4.214441,4.181816,3.985044,4.277392,4.108881,4.419107,4.049837,4.182463,4.297118,4.318877,4.642986,4.440576,4.415787,4.588795,4.393174,4.466404,4.121444,4.320011,4.309024,4.167878,4.398249,4.391776,4.331137,4.145757,4.532991,4.169816,4.938375,4.056562,4.310255,3.921697,4.187129,4.526738,4.275787,4.319392,4.154058,3.769502,4.129558,4.22991,4.72265,3.810948,4.339083,4.115464,4.062647,4.289683,4.279469,4.131929,4.063673
NMI,3.45438,3.628076,3.528407,3.675927,3.583413,3.943523,3.71418,3.632475,4.136664,3.397403,3.809214,3.739537,3.889886,3.993636,3.806773,3.554769,3.779986,3.738787,3.855683,3.926414,3.665334,3.824924,3.875052,3.518872,3.893312,4.115196,3.937538,4.010838,3.901721,4.029834,4.623746,3.816516,4.042311,4.3414,3.882192,4.106153,3.909029,3.521998,5.064327,3.455974,3.674316,3.64158,3.757136,3.348674,3.943203,3.839219,3.467834,3.662707,3.597829,3.643589
RXRB,7.119821,7.126728,7.11683,7.04752,6.963262,7.095407,7.03981,7.14645,6.902654,6.868626,6.942441,7.113862,7.015844,7.08612,7.16563,6.906654,7.11037,7.412957,7.281229,7.01556,7.044996,7.183981,7.292205,7.457188,7.449294,7.299483,7.131498,7.144658,7.090392,7.143656,6.862376,7.189079,7.314673,7.167681,7.229912,7.172641,7.166173,7.08272,6.844539,6.996219,7.051139,7.179605,6.709008,7.008906,6.849254,6.903025,6.893006,7.168725,7.15994,7.100831
ATF2,4.142649,4.588117,4.410202,4.038483,4.205731,4.548205,4.349228,4.323133,4.169698,4.493396,4.163485,4.691028,4.512418,4.341546,4.138276,4.457718,4.240813,4.453659,4.220388,4.46818,4.436271,4.38861,4.523641,4.432771,4.362195,4.609538,4.395939,4.454647,4.360719,4.355182,4.560587,4.573088,4.738077,4.591153,4.198054,4.614517,4.671767,4.337895,4.225964,4.42216,4.02396,3.887798,4.448991,4.417334,4.452174,4.426422,4.31024,4.371628,4.610305,4.373859
BMPR1A,4.981576,5.263593,5.279537,5.151262,5.179551,5.509985,5.009412,5.257952,5.318889,5.302517,5.292581,5.142693,5.164508,5.279056,4.801042,4.919255,4.906167,4.981586,4.642734,5.037018,5.124225,5.049753,5.257475,5.09658,5.056888,5.351901,5.507917,5.070819,5.151208,5.130327,5.324277,5.374193,5.270292,6.075386,5.023249,5.367259,5.231914,5.029588,4.921757,5.11608,4.818226,5.046343,5.092214,5.006324,4.888425,4.989021,5.227153,5.107318,4.984998,5.125036
PRKRIR,3.156537,3.896012,3.487225,3.346961,3.114419,3.708917,3.574872,3.283541,3.364349,4.198196,3.546336,3.638166,3.652872,3.602179,3.651476,3.403671,3.524433,3.750566,3.364583,3.453466,3.707299,3.850815,3.750433,3.935283,3.646338,3.731676,3.698792,3.52789,3.884066,3.309053,3.839691,4.021995,4.140697,4.049188,3.551522,3.744544,3.955618,3.41853,3.496342,3.640458,3.315914,3.109259,3.994565,3.451084,3.575257,3.732658,3.532589,3.465064,3.724059,3.742687
CASK,4.696577,4.978529,5.12803,4.554988,4.627578,4.944228,4.589673,4.669767,4.941674,5.080973,5.033068,4.812451,4.654614,4.741753,4.668974,4.65161,4.354325,4.608213,4.398661,4.678321,4.779716,4.55153,4.700414,4.63759,4.827616,4.769175,5.028486,4.60982,4.735846,4.911871,4.621423,4.667502,4.735089,4.949949,4.707389,4.967051,4.837442,4.893306,4.767955,4.692757,4.47726,4.692836,4.754544,4.822298,4.9112,4.676537,4.806543,4.872152,4.863247,4.941167
MET,4.681441,4.667812,4.644174,4.70256,4.788853,4.750947,4.835508,4.695583,4.863286,4.716474,4.613331,4.232719,4.111193,4.334197,4.574598,4.202519,4.510842,4.396721,4.545415,4.205164,3.995678,4.366345,4.051291,4.188821,3.9769,4.088521,4.893978,4.867049,4.566669,5.111112,4.39443,4.745372,4.646055,4.557722,4.774419,4.84809,4.643005,4.276472,4.032467,4.23122,4.042892,4.027235,3.823654,4.19962,4.206245,4.037566,4.372016,4.099138,4.179077,4.276679
TCF3,5.118221,5.133526,5.166274,5.111844,5.240536,4.970956,5.199236,4.96261,5.463543,4.710658,5.231335,5.268232,5.247712,5.420663,5.348993,5.190711,5.445251,5.24989,5.433776,5.520661,5.584159,5.471713,5.326775,5.233336,5.500359,5.588387,5.380013,5.093023,5.230103,5.851607,5.247079,5.104765,5.075462,5.218726,5.08894,5.221409,5.042832,5.115149,5.575976,5.378177,4.886111,5.150656,5.656737,5.032286,5.350377,5.558543,5.098932,5.365924,5.432506,5.32325
LEF1,4.771445,5.09181,5.352694,5.110044,4.982964,5.339026,4.970804,4.714989,5.148946,4.566887,5.079802,4.933458,5.070766,4.875149,4.72294,5.341528,5.169043,5.050544,4.547812,4.853682,5.084095,4.90442,4.507951,4.721884,5.050131,4.996701,5.012909,5.37429,5.410584,5.409468,5.260495,5.473186,5.535357,5.395099,5.153517,5.27054,5.329911,4.911789,5.178606,4.594369,4.589214,5.040548,4.823928,5.3074,5.041821,5.11979,5.1698,4.626562,4.545616,5.015934
EYA1,3.278196,3.226588,3.462169,3.001441,3.244845,3.434149,3.247936,3.222164,3.511223,3.15518,3.265937,3.165034,2.922095,3.583237,3.101701,3.096906,3.167767,2.867586,2.95385,3.080671,3.123092,3.045898,2.939534,3.112801,3.096906,3.130626,3.363279,2.97995,3.204331,3.33723,2.764999,3.024098,3.00537,3.313554,3.061036,3.057858,3.113276,3.572404,3.154696,3.22156,3.405084,3.39894,3.055204,3.052412,3.141372,3.1521,3.351993,3.206753,3.092735,3.282112
RBPMS,4.461168,4.653701,4.477893,4.704585,5.290074,4.356698,4.628273,4.290556,5.158777,4.505929,4.479445,4.882127,4.983942,4.741392,4.979942,5.055803,5.063359,4.579604,5.145525,4.436633,4.741141,4.938418,4.608565,4.796064,4.705537,4.404714,4.622624,5.122588,5.04508,5.462221,4.578234,4.736098,4.477077,4.604143,5.076809,4.966456,5.033439,4.809091,4.807354,4.762491,4.92827,4.980478,4.892027,5.141288,5.060399,4.793532,5.011424,5.134518,4.771867,4.864041
RBFOX2,5.782623,5.519605,5.458064,5.553238,5.542523,5.30918,5.385293,5.410202,5.700662,5.306841,5.495812,7.290359,7.264191,7.458004,6.727487,7.208069,6.86503,7.169381,7.050694,7.53761,7.754651,7.370727,7.534174,7.175485,7.168554,7.147956,6.887524,7.444161,7.41351,7.496005,7.180337,6.320767,7.10102,7.509682,7.015646,7.85977,7.316345,7.648705,7.830342,7.758481,6.848924,6.597809,7.579915,6.247611,7.042935,7.953039,6.961046,7.424611,7.68733,7.681632
CHD3,8.072375,8.195425,8.353224,8.045051,8.150873,8.577589,8.137727,8.679713,8.002042,8.256624,8.098788,8.314568,8.39315,8.310441,8.520931,8.59797,8.406121,8.450422,8.025964,8.539929,8.647008,8.391771,8.7564,8.64141,8.764645,8.721385,8.032852,8.312442,8.514255,7.969228,8.361184,8.570547,8.617616,8.399672,8.298937,8.309374,8.644275,8.175325,8.295748,8.387031,7.938185,7.887161,8.323329,8.490648,8.225151,8.331378,8.317878,8.392278,8.610057,8.589372
EP300,3.925061,4.089326,3.769686,3.897341,4.152716,3.991682,4.038963,3.917508,4.235037,4.249507,3.686159,3.94598,3.817512,3.789452,3.55921,3.74843,4.041696,3.990847,3.691822,3.820946,3.729499,4.035651,3.693652,3.591944,3.571185,3.695851,3.656157,3.907865,3.787281,4.074657,3.732874,4.019021,4.153819,4.026546,3.940049,4.085603,4.075234,3.919146,4.069154,3.618247,3.75592,3.87937,3.737993,4.006019,3.839447,3.867503,3.834931,3.644646,3.656951,3.824459
ORC2,4.99673,5.606177,5.7711,5.487843,5.605857,5.788719,5.559056,5.836938,5.597726,5.921133,5.540649,5.831176,5.676912,5.896675,5.746459,5.942735,5.779432,5.744012,5.690062,5.759113,6.074244,6.017623,5.982562,5.933917,5.823871,5.881014,5.673206,5.746164,6.017465,5.73625,6.042998,5.929158,6.18006,5.830083,5.726928,5.989556,5.859472,5.338057,5.786542,5.891813,5.589369,5.172729,5.92863,5.750748,5.810992,5.74147,5.83966,5.926249,5.914683,5.940086
CCNT2,5.134875,5.259497,4.909924,5.136231,4.98263,5.090327,4.992414,5.053744,5.256449,5.269349,5.183219,5.426076,5.340604,5.179632,5.232085,5.072007,5.310675,5.248101,5.226554,5.128205,5.179635,5.098453,5.148785,5.082006,5.167715,5.29383,5.432753,5.345711,5.223098,5.200691,5.136491,5.166525,5.267956,5.229942,5.171249,5.288576,5.135166,5.232618,5.167447,5.096777,5.029376,5.218038,4.918185,5.102089,5.102146,4.960664,4.919098,5.132928,5.032085,5.122713
MEN1,7.054791,7.0663,7.154296,7.047978,7.241626,7.247273,7.23843,7.278089,7.072964,7.179342,7.193611,7.146684,7.128166,7.140535,7.292991,7.290331,7.529351,7.418268,7.322167,7.327752,7.40107,7.238347,7.417443,7.424821,7.513223,7.490173,7.297646,7.313148,7.291882,7.019045,7.029656,7.413495,7.434227,7.337194,7.192161,7.316428,7.392905,7.161538,7.12528,7.197385,7.115854,6.84777,7.181945,7.236373,7.247824,7.112827,7.435401,7.205017,7.293621,7.249872
ARNT,5.453113,5.436385,5.766636,5.296356,5.708674,5.821696,5.278959,5.715939,5.648618,5.605975,5.575017,5.854881,5.639819,6.060332,5.627086,5.989948,5.981191,5.680384,5.720043,5.840493,5.679376,5.645195,5.679554,5.716841,5.850546,5.616981,5.827245,5.847209,5.644042,5.963541,5.717659,5.669684,5.563307,5.611575,5.75703,5.692018,5.971017,5.960269,5.520132,5.695999,5.803134,5.840512,5.370014,5.833274,5.74192,5.476229,6.059982,5.72088,5.551627,5.50956
SF1,6.528952,6.580837,6.746185,6.568179,6.503816,6.60566,6.514438,6.591713,6.724282,6.931064,6.521237,6.760282,6.687888,6.909535,6.626713,6.807765,6.733068,6.695197,7.161912,7.030078,7.255116,6.744828,6.801638,6.718338,6.756347,6.869094,6.758192,6.690159,6.609994,6.729106,6.579554,6.643236,6.659744,6.687258,6.749021,6.595619,6.71545,6.663478,6.469202,6.610385,6.586541,6.528889,6.496073,6.565788,6.67379,6.542961,6.720736,6.715402,6.647362,6.649012
SMARCC2,7.604442,7.544828,7.509846,7.427566,7.726616,7.652748,7.591333,7.755345,7.638874,7.679786,7.438628,7.604097,7.687095,7.579557,7.689043,7.613073,7.749135,7.742392,7.485963,7.61419,7.805318,7.804012,7.845308,7.838869,7.765209,7.746737,7.522288,7.965961,7.802112,7.703056,7.552157,7.898601,7.901103,7.748708,7.646327,8.027324,7.829566,7.543107,7.590174,7.735745,7.53582,7.525908,7.621346,7.739784,7.764736,7.76964,7.794919,7.930437,7.887788,7.764282
TFAP4,6.54965,7.131757,6.923962,6.594214,7.055752,7.022843,6.870174,7.165837,6.946664,7.069078,6.94897,7.18843,6.763439,7.103672,7.046338,7.398517,6.919537,6.952697,7.086134,7.20572,7.281247,7.146992,7.05678,7.055884,7.135175,6.75883,7.302869,7.213371,7.072158,7.08584,7.323276,7.082012,7.015013,7.303505,7.011415,6.912654,7.369612,6.996414,6.922408,6.899175,7.024144,6.755613,6.791395,7.127234,7.166736,7.225922,7.389093,6.934564,6.983342,7.031381
ESR2,5.554845,5.403615,5.348916,5.447478,5.610654,5.295862,5.611682,5.258543,5.210226,5.171547,5.36761,5.781107,5.588322,5.623633,5.678167,6.013586,5.953007,5.806564,5.800082,5.662917,5.392821,5.530456,5.39769,5.515477,5.339457,5.221819,5.467209,5.547899,5.333181,5.716498,5.076327,5.390518,5.211951,5.173807,5.702588,5.58997,5.778581,5.340547,5.211214,5.193774,5.604729,5.363972,5.217773,5.751754,5.787437,5.293009,5.801516,5.210854,5.21793,5.319949
L3MBTL1,4.370769,4.219995,4.098458,4.407432,4.358448,4.115597,4.420954,4.160082,4.455657,4.004184,4.221325,4.565718,4.890999,4.906831,4.835683,4.881809,4.901977,4.717904,4.871652,4.936222,4.882531,4.773018,4.975168,4.804822,4.970143,4.793834,4.814853,4.905099,5.071797,4.935015,4.838404,4.876168,4.728862,4.849328,4.793628,4.902465,4.741554,4.244604,4.099543,4.162738,4.380729,4.274846,4.150608,4.111274,4.101679,4.147145,3.99709,4.113955,4.113083,4.126526
FUBP3,5.750112,6.533444,6.724429,5.916928,6.213208,6.39315,5.800828,6.207537,6.833921,6.844211,6.236823,5.940445,6.177572,6.236847,6.092463,5.951684,5.697731,5.905632,6.159675,6.184062,6.270835,6.284831,6.178913,6.155534,6.116271,6.397548,6.216293,5.666006,6.191881,6.580041,6.521627,6.193003,6.39192,6.588324,6.164803,6.183495,6.323577,6.010047,6.012653,6.01659,5.50327,5.721477,6.162687,5.568605,6.025655,6.071134,6.053592,6.178244,6.167147,6.166492
TERF2,5.480987,5.878682,5.453998,5.51955,5.341836,5.719331,5.505412,5.769799,5.256904,5.659439,5.412552,8.312008,8.363233,7.888687,8.31069,8.098999,7.970952,8.324511,8.06454,8.190905,8.334808,8.1377,8.305063,8.49686,8.325527,8.594923,5.735244,5.588612,5.506494,5.22916,5.573201,5.885291,5.835776,5.657861,5.734773,5.602163,5.566574,8.175971,8.109177,8.384186,8.050739,7.948067,8.804203,8.32839,8.377587,8.287162,8.229138,8.272835,8.554606,8.465546
MTA1,7.452206,7.492428,7.696157,7.034141,7.732393,7.667279,7.320986,7.630598,7.696905,7.664061,7.75914,7.276967,7.595835,7.637355,7.751271,7.676376,7.556649,7.769413,7.777803,7.620063,7.970529,7.898134,8.031163,7.916131,7.976877,7.897245,7.779934,7.648717,7.950726,7.459683,7.845923,7.592586,7.79457,7.706483,7.665514,7.926433,7.734908,7.530737,7.677664,7.751411,7.578488,7.37187,7.450896,7.389424,7.355252,7.701211,7.43223,7.766795,7.680602,7.762443
ZNF174,4.820796,4.903654,4.561075,4.976509,4.565737,4.756459,4.702898,4.664879,4.537136,4.49507,4.85725,4.632013,4.742886,4.611583,4.870264,4.759974,4.818359,4.963188,4.763364,4.770127,4.542786,4.950034,4.684757,4.704379,4.639566,4.785162,4.572206,4.868244,4.795974,4.838132,4.834659,4.949041,4.895863,4.881568,4.918857,4.799288,4.873357,4.615046,4.528601,4.466115,4.631393,4.708151,4.721269,4.629247,4.489788,4.463496,4.428013,4.599408,4.757515,4.547048
MITF,3.615657,3.594207,3.899695,3.679448,3.932024,3.617236,3.753086,3.741384,4.149213,3.907912,4.010635,4.092869,4.050779,4.255005,4.055795,4.167846,4.094539,3.950416,4.791197,4.660639,4.307292,4.141059,4.096295,3.930682,4.089588,4.130595,4.777673,4.22225,4.539692,4.501307,4.603211,3.913462,3.602978,4.13326,4.60639,4.127179,3.939697,3.864522,3.86514,3.577208,3.907155,3.949825,3.514374,3.721664,3.730105,3.665464,3.83335,3.704511,3.657142,3.674239
TCOF1,6.774305,6.873488,6.65144,6.91637,6.781369,6.749066,6.949477,6.829344,6.784314,6.619901,6.831104,6.930912,6.960036,6.854318,6.890473,7.00099,7.080689,6.943714,6.925081,6.872042,6.887467,6.930163,6.745333,6.906511,6.772345,6.862065,7.053415,6.882934,6.932394,6.954093,6.813601,6.973352,6.707287,6.765209,7.00881,6.833989,6.974774,6.879772,6.848856,6.782576,6.950646,7.075089,6.776043,7.005233,6.930546,6.770083,7.006618,6.790431,6.707927,6.807443
NR4A3,4.166033,4.013951,4.069016,4.16086,4.137708,4.054157,4.337341,4.139742,4.101478,3.990417,4.083221,4.730397,4.961467,4.727687,5.052406,4.791256,5.046546,4.707445,4.593019,4.576671,4.751916,4.615771,4.708149,4.784282,4.898951,4.757612,4.490904,4.548507,4.345286,4.333615,4.133558,4.608371,4.682939,4.413791,4.312724,5.415635,4.892537,5.044217,4.557583,4.698969,4.699852,4.14997,4.601937,5.219191,4.838977,4.387891,4.730638,4.596757,4.645064,5.004648
NR2E1,3.65281,3.730038,3.668747,3.420036,3.924651,3.719851,3.630356,3.586663,4.18997,3.470563,3.908308,4.21006,3.855284,4.326473,4.124585,3.763322,4.260878,3.857652,4.011706,3.780091,4.045498,3.917965,3.958984,3.802922,3.774687,3.945926,3.632185,3.761949,3.709166,4.105388,3.551752,3.713741,3.750799,3.952472,3.557345,4.067621,3.673343,3.871466,3.608849,4.016114,3.696303,3.762074,3.494191,3.821585,3.788499,3.787656,3.80263,3.941144,3.585132,3.899568
NFATC2IP,5.331582,5.685278,5.547985,5.36435,5.59748,5.613993,5.628601,5.735302,5.383268,5.427673,5.476149,5.637822,5.685425,5.574659,5.619851,5.639479,5.413169,5.56295,5.487216,5.716567,5.697512,5.513538,5.563234,5.582137,5.612272,5.509036,5.89851,5.770741,5.755555,5.681652,5.830804,5.646819,5.549198,5.675517,5.439343,5.663317,5.670936,5.524145,5.977489,5.656541,5.491445,5.64615,5.717792,5.670767,5.637703,5.900982,5.61456,5.603445,5.60119,5.539016
LARP1,8.786482,8.64899,8.803333,8.623157,9.083892,8.89562,8.559617,9.007895,9.254384,8.671677,8.752651,8.508992,8.862986,8.792333,9.022499,8.943563,9.071586,9.007863,8.916294,8.962596,9.113602,9.133413,9.134255,9.019513,9.068585,8.945732,8.556706,8.984948,9.315979,9.133744,8.998588,9.176461,9.166695,9.022466,8.926781,9.010236,9.154221,8.645221,8.945266,9.059564,8.832355,8.512806,9.144679,9.041402,8.849273,8.920244,8.832384,8.974482,8.954577,9.201461
BLM,4.56749,4.615655,4.445607,4.347149,4.990792,4.586271,4.626167,4.709309,5.241753,4.64186,4.92596,4.440205,4.554691,4.601,4.532235,4.506791,4.830372,4.248815,4.230248,4.390135,4.458679,4.550068,4.281311,4.405536,4.479191,4.50871,4.488142,4.764817,4.80559,5.038785,4.687868,4.59112,4.594416,4.812472,4.765762,4.659846,4.664009,4.777664,4.572101,4.395911,4.60548,4.498118,4.37434,4.587626,4.585946,4.689767,4.526025,4.387371,4.695105,4.670343
CHD8,6.662263,6.711994,6.64046,6.532862,6.643926,6.655186,6.720411,6.806651,6.695166,6.846889,6.5716,6.613935,6.783989,6.73722,6.664923,6.689378,6.824664,6.723303,6.867119,6.748971,6.785775,6.729282,6.790334,6.639585,6.752824,6.673105,6.779673,6.822369,6.771562,6.987222,6.700851,6.806694,6.644297,6.862408,6.855599,6.807817,6.714947,6.574984,6.867138,6.793295,6.794284,6.808526,6.540953,6.534952,6.561639,6.782154,6.546478,6.824661,6.704562,6.695773
ZNF510,5.204015,5.674459,5.0851,5.351918,5.105763,5.391465,5.348867,5.350099,4.814115,6.352307,5.07078,4.980907,5.157729,4.741331,4.924505,5.040146,4.923396,5.41626,5.083885,5.134329,5.093497,5.199342,5.296248,5.124943,4.981592,5.177967,5.28524,5.321653,5.214259,5.158276,5.295866,5.402059,5.423659,5.65019,5.242866,5.169056,5.362945,4.990887,5.30179,5.426798,5.276811,5.049284,5.094084,5.06484,5.166468,5.247171,5.258401,5.256546,5.266537,5.37949
PRPF4B,3.924595,4.089093,4.078704,4.440336,4.10629,4.155291,3.937398,4.170668,4.069051,4.494793,4.160485,4.568912,4.500772,4.487508,4.628268,4.718491,4.640629,4.667071,4.920258,4.649663,4.754332,4.602577,4.683726,4.811614,4.870373,4.70192,4.688715,4.854985,5.097888,4.446156,4.950789,4.848601,4.671414,4.538682,4.629642,4.91367,5.124371,4.397562,5.094523,4.384998,4.856892,4.53988,5.05462,4.667827,5.025658,4.712576,4.665644,4.411507,4.518499,4.977772
RARB,5.644261,6.520922,6.094535,5.662886,6.358435,6.696388,6.380526,6.442192,6.156852,5.603102,6.276419,6.57247,6.799714,6.681726,6.400875,6.429497,6.208042,6.55807,5.934449,6.353399,6.771414,6.346797,6.48549,6.582701,6.520139,6.502912,6.019567,6.352146,6.431878,5.716381,6.379866,6.413609,6.765152,6.317297,6.111083,6.422544,6.777982,6.656926,6.362313,6.517461,6.292192,5.575915,6.541455,6.393418,6.680147,6.487068,6.806982,6.403216,6.558134,6.512559
INSM1,4.039249,4.294972,4.162586,4.246861,4.371117,4.294871,4.280627,4.258605,4.302034,4.061311,3.841031,4.420343,4.127162,4.031571,4.222729,4.25014,4.441973,4.179721,4.134137,4.280006,4.294244,4.179315,3.835193,4.092594,4.166529,4.115537,4.637241,4.294492,4.288118,4.418306,4.148223,4.296472,4.764754,4.421223,4.389755,4.314826,4.458468,4.180884,4.128763,4.173288,4.016359,4.310421,3.968794,4.309871,4.463996,4.247153,4.271133,4.161431,4.311501,4.470302
ZBTB48,6.256546,6.414402,6.454563,6.539509,6.454692,6.393845,6.355281,6.671961,6.44306,5.960215,6.608942,6.260625,6.391405,6.488022,6.652531,6.507714,6.773748,6.563717,6.866576,6.756166,6.652312,6.584882,6.488826,6.575068,6.558988,6.613201,6.601258,6.72654,6.69243,6.629456,6.69047,6.591731,6.660196,6.623794,6.656721,6.574916,6.490578,6.32221,6.503498,6.608771,6.619408,6.438268,6.726669,6.36334,6.425243,6.548826,6.382859,6.351719,6.61328,6.591841
PHF14,3.042361,3.387979,3.487424,3.018413,3.071374,3.504879,2.977298,3.432436,2.832545,3.165735,3.128051,3.401164,3.419653,3.619118,3.407847,3.517621,3.19714,3.222222,3.371383,3.535542,3.375617,3.438177,3.414686,3.408638,3.549652,3.524212,3.533885,3.471387,3.465873,3.218149,3.595291,3.250897,3.552214,3.562438,3.137632,3.195105,3.777359,3.087705,3.284878,3.232717,3.187236,2.918966,3.277577,3.254326,3.554563,3.329764,3.588646,3.153477,3.540924,3.352781
GPATCH8,5.229183,5.300988,5.096314,5.295404,5.110377,5.090654,5.32396,5.296418,4.874669,6.068894,5.38083,5.168681,4.883278,4.788402,5.033929,5.138013,4.784341,5.026384,5.048521,4.905748,5.308165,5.032215,4.974535,4.997461,4.940997,5.349145,5.198816,5.146774,5.154226,4.771887,5.515207,5.331507,5.253545,5.183227,5.176307,5.178093,5.346194,5.155291,5.193051,4.94752,5.16335,5.146733,5.720715,5.093713,5.327871,5.011104,5.25556,5.099998,5.32077,5.079587
DHX57,4.00844,4.036628,4.085719,3.945262,4.188466,4.344045,3.943584,4.376719,3.821783,4.312413,4.105634,4.0468,4.185134,4.330222,4.014185,3.950786,3.929696,3.967181,3.861846,4.200169,4.239761,4.477365,4.237876,4.065872,4.071277,4.244244,4.38234,3.881122,4.258237,4.222274,4.455079,4.305643,4.228348,4.721188,4.186127,4.315124,4.349065,4.031928,4.230809,4.283524,3.919055,3.960652,4.09613,3.860522,4.005154,4.296629,3.803545,4.339053,4.066428,4.084235
TBX5,5.087155,4.93592,4.948414,5.022951,5.262143,4.999062,5.265985,4.977168,5.286369,5.087623,4.921231,5.81243,5.51049,5.803608,5.578393,5.868566,5.860768,5.629378,5.445374,5.637993,5.549344,5.836128,5.344836,5.559209,5.400778,5.327122,5.848849,5.5975,5.558003,5.723658,5.451571,5.531041,5.399439,5.423295,5.875129,5.808786,5.856632,5.706501,5.459001,5.404123,5.615838,5.625408,5.383088,5.962146,5.883141,5.330804,5.980664,5.557742,5.62615,5.507462
TRIM27,5.714812,5.86592,5.570127,5.980592,5.367414,5.673116,5.729242,5.684381,5.503667,5.709218,5.51403,6.013477,5.959874,5.523372,5.761974,5.758408,5.934173,6.074886,5.863413,5.651342,5.716884,5.673608,5.837852,5.874044,5.844989,5.98003,5.779369,5.579538,5.482156,5.743961,5.643579,5.928361,6.030717,5.664395,5.777524,5.659192,5.852584,5.627713,5.488595,5.508884,5.569252,5.752383,5.618538,5.823693,5.568381,5.325562,5.563492,5.54246,5.771954,5.572611
RNF24,4.137718,3.984794,4.022549,4.009607,4.057371,4.258302,4.102678,4.141146,3.931852,4.031334,4.118778,4.104706,3.791562,4.10985,3.99046,3.908894,4.031907,3.899967,3.702998,3.907037,3.937311,3.837011,3.998987,4.042413,3.894721,3.93989,4.173028,4.101759,4.119906,4.220569,3.990888,4.082804,4.408154,4.27879,3.994762,4.181852,4.006283,3.787721,3.956186,4.063297,3.835122,3.907376,3.760943,3.920325,3.744861,3.731061,3.920338,4.018293,4.119177,4.200598
CREG1,3.700699,3.941619,4.35213,3.983884,3.985313,4.197297,3.850586,4.002442,3.813489,4.188941,4.066058,3.661907,3.734518,3.786636,3.655876,3.780851,3.36225,3.596993,3.855816,3.622256,3.720652,3.691303,3.704131,3.918302,3.926632,3.702741,3.760767,3.642802,3.750396,3.70535,4.225507,3.657277,3.98363,3.987162,3.587518,3.557217,3.923946,3.933768,3.755021,3.664419,3.799469,3.725521,4.136629,4.051233,3.957416,4.038955,3.992201,3.891389,3.832425,3.894988
CIAO1,6.096804,6.326365,6.217446,6.110509,6.153721,6.072985,6.290209,6.263208,6.192114,6.072857,6.132194,6.103145,6.098424,6.057172,6.03685,6.240081,5.928472,6.158597,5.948252,6.044139,6.023341,6.182066,5.929648,6.057891,6.122511,5.969052,6.217063,6.221719,6.178752,6.093722,6.118989,6.338959,5.869025,6.232983,6.258717,6.381516,6.30591,6.126616,5.990226,6.149535,6.016549,6.225186,6.228731,6.336252,6.236034,6.095542,6.156188,6.212334,6.182708,6.156336
KAT2A,9.019089,8.975733,8.965289,8.862121,9.118832,8.93977,9.017773,9.074502,9.27101,8.894982,9.10788,8.791522,9.068534,9.195049,9.21341,9.053044,9.198955,9.111987,9.470077,9.507588,9.303121,9.17875,9.339678,9.061954,9.34841,9.204779,9.272587,9.317168,9.344708,9.272146,9.181955,9.180088,9.093711,9.239713,9.191113,9.289114,8.939417,8.974704,9.401937,9.139008,9.387204,9.124026,9.068304,8.919208,8.739119,9.191283,8.819639,9.13459,9.056897,9.195835
TTF1,4.392071,4.460485,4.268813,4.641558,4.219361,4.398372,4.14132,4.348197,4.204687,4.727805,4.386964,4.536662,4.532274,4.20318,4.383146,4.416395,4.19743,4.587166,4.369734,4.194564,4.508562,4.416395,4.425958,4.523412,4.497271,4.446342,4.745069,4.720567,4.390098,4.429824,4.653252,4.696559,4.537816,4.664306,4.436523,4.636659,4.436789,4.217289,4.140529,4.484335,4.170099,4.227111,4.389191,4.25219,4.19942,4.440147,4.137737,4.279047,4.697649,4.278283
ARID4A,3.630907,4.022151,3.859819,3.373974,3.700799,3.816518,3.574979,3.727233,3.828007,3.909924,3.745729,4.177348,3.886939,3.90774,3.756568,3.675787,4.096261,4.070598,3.646836,3.746729,3.814589,3.703648,3.805781,3.756151,3.828583,3.980613,3.82999,3.92443,3.724759,3.756705,3.642363,4.056125,4.047838,4.3821,3.997508,4.058216,4.048839,3.806067,3.401345,3.62618,3.360433,3.556523,3.321182,3.654833,3.842668,3.666275,3.708327,3.687263,3.746872,3.826301
RBBP5,3.344545,3.278477,3.795566,3.317425,3.336294,3.281944,3.203912,3.6087,3.093135,3.123364,3.068043,3.437519,3.326123,3.250862,3.377454,3.308367,3.481459,3.156234,3.194563,3.752085,3.81861,3.409949,3.273383,3.196367,3.590414,3.428721,3.630903,3.550082,3.425509,3.263494,3.02962,3.207138,3.015625,3.329629,3.301019,3.196085,3.197853,3.470658,3.303732,3.864818,3.755565,4.353554,3.580106,3.499166,3.386677,3.272634,3.736165,3.578163,3.425758,3.463823
NFRKB,6.521239,6.520507,6.330639,6.638959,6.521881,6.534385,6.624596,6.571889,6.431322,6.651827,6.349091,7.040499,6.967718,6.690946,6.902477,7.049371,7.104805,7.035204,6.908142,6.736197,6.872634,6.816577,6.78776,6.849529,6.863836,6.865953,6.654556,6.648695,6.438661,6.431255,6.357047,6.693361,6.724639,6.678521,6.757719,6.660339,6.754903,6.405482,6.528266,6.38948,6.700319,6.559421,6.373532,6.847996,6.764033,6.375504,6.723455,6.571534,6.545971,6.530978
MNAT1,4.466281,4.66025,4.621436,4.4354,4.637207,4.628051,4.722986,4.797109,4.729124,4.409499,4.47793,4.606279,4.660312,4.55473,4.612446,4.51152,4.635603,4.545129,4.44883,4.507674,4.725701,4.580803,4.820861,4.596193,4.698111,4.78151,4.829377,4.673642,4.76801,4.5797,4.694779,4.774712,4.794291,4.975348,4.624249,4.78533,4.669357,4.685582,4.568437,4.58003,4.472462,4.406775,4.856166,4.538029,4.519402,4.658527,4.411646,4.739946,4.865899,4.590406
PHTF1,2.705381,3.110742,3.112929,3.165612,2.913044,3.060626,2.946763,3.154982,2.743834,2.708836,2.978178,2.712505,3.026131,3.246769,2.743191,3.036716,2.869321,2.787803,2.951313,2.756662,3.370774,2.97881,3.001211,3.097221,3.136429,3.00516,3.116563,3.055441,3.200323,3.277789,3.379766,3.364572,3.380561,3.427262,3.05155,3.120476,3.292426,2.764972,2.87202,2.999712,3.101959,2.686439,4.040921,2.949118,3.192059,3.147438,2.772707,3.175169,3.096073,3.163597
EMX1,5.949306,5.625623,5.820737,5.671522,5.876783,5.587695,5.756247,5.938339,5.683911,5.620549,5.65306,5.735056,5.719207,5.870956,5.684728,5.843353,5.850524,6.107827,5.819894,5.798401,5.914459,5.738579,5.91243,6.114195,5.888002,5.972571,5.955606,5.993025,5.869121,6.176087,5.59665,5.881948,6.228051,6.062068,5.885435,6.041075,5.958166,5.559161,5.489356,6.039125,5.364571,5.866524,5.540013,5.712668,5.428478,5.766272,5.790746,5.921332,5.86133,5.773287
SALL1,3.536451,3.604761,3.60656,3.269355,3.45093,3.479678,3.217605,3.115097,3.673883,3.52733,3.96142,3.526844,3.215476,2.938717,3.312131,3.213174,3.343972,3.239158,3.989693,3.555254,3.606162,3.366518,3.35321,3.245876,3.368746,3.536955,4.076242,3.270719,3.366293,3.333778,3.643254,3.218101,3.388622,3.228532,3.557063,3.357986,3.410283,3.320891,3.391956,3.068717,3.257033,3.20036,3.048996,3.114919,3.594076,3.13232,3.110498,3.123639,2.861418,3.194327
GTF3C1,8.74753,8.784731,9.06593,8.774333,9.118593,9.198396,8.948104,9.267946,9.236833,8.743924,9.037149,8.978538,9.074997,9.499734,8.80822,8.932507,9.223743,8.93322,9.160322,9.293533,9.198098,9.085699,9.196326,9.055413,9.351435,9.398959,9.060082,9.185837,9.302267,9.47756,9.40853,9.212837,9.07912,9.146086,9.105291,9.233991,9.125203,8.822836,9.441199,9.467398,9.274817,8.988755,9.210043,8.813235,9.044021,9.33293,8.961533,9.211375,8.959269,9.166821
ATG4B,7.491041,7.640338,7.962865,7.765055,7.713358,7.870212,7.677876,7.878056,7.411792,7.256997,7.85487,7.482497,7.57193,7.744394,7.872012,7.795012,7.855115,7.899164,7.960691,7.889165,7.894944,8.027016,7.890315,7.922685,7.913341,7.97053,7.5633,7.825372,7.896912,7.86471,8.167685,8.021172,7.96621,7.976618,7.935057,7.789283,7.915497,7.790594,7.695,7.932732,7.804406,7.806557,8.070941,7.803173,7.747182,7.834487,7.683537,7.871281,7.931233,7.848934
MINK1,7.577411,7.590527,8.153585,7.523978,8.211847,7.954567,7.648082,8.049581,7.824314,7.90007,7.992498,7.95164,7.919515,7.975433,8.280997,8.301849,8.083873,8.280569,8.1978,8.05165,8.394124,8.193455,8.23926,8.304231,8.299221,8.204374,8.118474,8.205632,8.431524,7.887342,8.857153,8.103715,8.08559,8.427118,8.204163,8.213012,8.241329,7.947107,7.830296,8.362098,7.62088,8.08968,7.763364,8.142416,8.363829,8.260797,7.933111,8.252275,8.356163,8.313906
ING1,5.591123,6.153253,6.068212,5.720524,5.760171,6.188921,5.746097,6.12146,5.343004,6.499978,5.921362,5.813899,5.648156,5.62455,5.677249,5.772621,5.504383,5.566536,5.289436,5.759462,5.74547,5.629377,5.600547,5.757767,5.529481,6.037668,6.000986,5.615677,5.731356,5.179018,6.28973,5.89529,6.020258,6.143016,5.75883,5.79109,6.107783,5.747176,5.913229,5.852487,5.521078,5.42527,5.916755,5.943095,5.849484,5.842328,5.85383,5.611798,5.995565,6.130255
HIST1H2BN,3.924419,4.058869,4.645098,4.073433,4.25763,4.435398,4.201561,4.346827,4.57389,4.709957,4.060818,4.147336,3.925358,4.449667,3.997,4.187456,4.247803,4.140415,3.997117,4.41247,4.091989,3.907179,4.116148,4.367135,4.261168,4.045387,4.152761,4.188861,4.20899,4.508831,4.707556,4.293964,4.201956,4.511608,4.455455,4.295898,4.218733,4.189577,3.650984,3.877614,4.002289,4.519129,4.074352,4.138348,3.903038,3.976427,4.030013,3.923517,3.692069,4.112395
ERBB2,5.518093,5.360406,5.601857,5.542493,5.581281,5.373783,5.598868,5.456525,5.680554,5.317799,5.552477,5.771693,5.707779,6.145134,6.015565,5.760426,6.126929,5.92953,5.781185,5.892491,5.832061,5.861565,5.787919,5.900191,5.977653,6.300128,5.655802,5.590512,5.356275,5.968176,5.475562,5.414458,5.408952,5.655534,5.65324,5.516493,5.574309,6.090934,6.325999,6.013135,5.957763,6.439009,5.664131,5.625795,5.945195,6.151495,5.882347,6.172435,5.974034,5.986836
RPA2,5.109184,5.268976,5.251264,5.125952,4.990541,5.291786,5.525876,5.233302,4.977752,5.115116,5.037995,7.535916,7.619207,6.616666,7.496184,7.82639,7.40589,7.478461,7.068524,7.038732,7.236463,7.378882,7.573537,7.646705,7.353985,7.603398,5.264199,5.227114,5.176639,4.883579,5.16335,5.282959,5.495874,5.224961,5.252862,5.262431,5.50642,7.011285,6.76533,7.038467,7.012562,6.893111,7.386649,7.551362,7.407158,6.801308,7.324623,7.004663,7.260835,7.262701
ZNF330,4.354765,4.593155,4.785809,4.66125,4.661511,4.721016,4.740837,4.585668,4.503839,4.945196,4.654142,4.773656,4.825935,4.845583,4.735386,4.75254,4.879337,4.876179,4.844141,4.794798,4.765991,4.645407,4.636516,4.687787,4.799737,4.991126,4.981625,4.754948,4.783318,4.71296,4.931065,4.648759,4.799195,4.763142,4.583286,4.811662,4.931488,4.795801,4.535299,4.68386,4.484799,4.458426,4.611884,4.524712,4.826809,4.42237,4.941873,4.756175,4.647208,4.546319
POU6F2,5.46849,5.112467,5.197465,5.279015,5.226704,5.015408,5.370332,5.073284,5.361328,5.247317,4.953281,5.428092,5.343977,5.396137,5.36175,5.508167,5.621355,5.346464,5.256715,5.324024,5.251919,5.362264,5.113598,5.227379,5.368687,5.190851,5.577207,5.623458,5.228468,5.783832,5.130541,5.207114,5.253038,5.222584,5.577417,5.48274,5.462153,5.161284,5.129711,5.072074,5.370061,5.505478,5.038466,5.387559,5.35774,4.975352,5.389909,5.340942,5.068134,5.216835
RPS14,7.45685,7.267208,7.526934,7.452671,7.55385,7.599014,7.406764,7.503129,7.565966,7.411543,7.697368,11.045795,11.122493,11.257792,11.118427,11.025429,11.143908,11.197179,11.330245,11.125507,11.166928,11.229359,11.14887,11.251718,11.329606,11.366579,11.076423,11.258677,11.309938,11.245249,11.421962,11.210239,11.302094,11.40259,11.055861,11.261644,11.23569,11.242209,11.221689,11.268704,10.731784,11.166171,11.582991,11.055739,11.175359,11.220924,10.976425,11.187068,11.225547,11.082069
SUPT7L,3.921421,4.018497,3.982282,3.985655,4.020206,3.880835,3.99935,3.953417,3.939377,3.722389,3.801222,4.306112,4.146064,4.087898,4.252713,4.248106,4.390257,4.189554,4.186934,4.263831,4.285637,4.284785,4.344452,4.304638,4.391083,4.42733,4.330932,4.182117,4.195675,3.974235,4.047473,4.187044,4.38126,4.132697,4.190146,4.014811,4.239166,4.028009,4.085656,3.969905,3.973553,3.845429,4.25036,4.153657,4.303805,3.966843,4.342993,4.03523,4.113232,4.051731
TRIP4,3.775057,3.627475,3.620824,3.647439,3.658875,3.787086,3.796831,3.703568,3.812194,3.305696,4.035017,3.499191,3.576159,3.457689,3.687532,3.355388,3.444991,3.656478,3.467937,3.551438,3.255493,3.614275,3.516558,3.532472,3.320231,3.740182,3.869614,3.731607,3.720448,3.381873,3.631969,3.709597,3.726002,3.775933,3.653806,3.705625,3.685709,3.884959,3.776536,3.517134,3.735634,3.867551,3.785737,3.645455,3.875551,3.660572,3.369266,3.640408,3.550597,3.668722
NFE2L2,5.832579,6.646697,6.257132,5.596355,5.807946,6.015147,5.819003,5.903996,6.517466,5.985754,6.192324,5.854461,5.791007,5.649847,5.801034,5.473297,5.92237,5.601555,5.830674,5.54611,5.677235,5.884613,5.861094,5.756823,5.739836,6.178641,6.071464,5.510993,6.141047,5.848066,6.394003,6.322821,6.154255,6.467083,6.072522,6.019927,5.903976,5.85535,5.976105,5.695438,5.642034,5.532559,5.887236,5.419525,6.009483,5.977623,5.450952,5.613332,5.376733,5.794315
ZBED4,3.666596,3.906567,4.156656,4.129939,4.048812,4.022071,3.810562,3.972528,3.998255,3.99379,4.192566,4.089623,3.918423,4.311081,4.048423,4.476667,4.283845,4.200961,3.98054,4.166802,4.28664,4.250893,4.046531,4.157755,4.225542,4.132975,4.092018,4.047056,4.250917,4.408936,4.214009,4.132435,4.005922,4.210664,4.287079,4.144106,4.18749,4.067249,4.053994,3.878263,3.986825,3.801744,3.886737,4.159833,4.189444,3.91733,4.366916,4.191389,4.199957,4.043373
ZNF804A,5.624424,5.95296,5.870761,5.586878,6.081621,6.220529,6.022686,5.964214,5.631553,5.314935,5.567667,6.114172,5.88908,6.118115,5.676431,5.70455,5.673646,5.777831,5.376579,5.914654,6.244404,5.825099,5.896034,5.893204,6.14229,5.957686,5.656974,6.092036,5.879808,5.931538,5.830552,5.896024,6.156007,6.174067,5.631878,5.857489,5.913472,6.186354,5.70921,6.321498,5.757901,6.064534,6.22198,5.990603,6.188192,6.108435,6.085143,6.086853,5.971725,6.209372
GABPB1,2.90265,2.944238,2.931115,2.889501,3.240909,2.957479,3.13051,2.921783,3.011673,3.005403,3.111445,2.885962,2.879955,2.933676,3.004466,2.781735,3.020232,2.711818,2.973173,2.971515,3.077677,2.865818,2.873722,2.881956,2.858556,3.096926,3.097337,2.923822,3.045466,3.192758,3.038755,3.028888,3.120835,3.059512,3.017145,3.17605,2.796877,2.787626,2.981528,3.075091,2.726337,2.938215,2.943379,2.70737,2.82398,2.994726,2.67867,2.830737,2.864617,2.948016
AFF2,4.866105,4.621521,4.745828,4.716916,4.401183,4.751687,4.687931,4.692076,4.105354,4.501196,4.544656,5.066585,4.644889,4.628892,4.715809,4.623002,4.501109,4.535757,4.639713,4.777396,4.706903,4.606628,4.601123,4.441254,4.798131,4.758563,4.745203,4.761933,4.590943,4.550729,4.782314,4.661128,4.685237,4.634715,4.67078,4.530359,4.804523,4.990233,4.712468,4.77959,4.641976,4.944525,5.043408,4.721376,5.038493,4.761311,4.90858,4.782106,4.761535,4.697022
SMAD4,4.225338,4.886396,4.61002,4.332021,4.613245,4.825268,4.503761,4.475152,4.634428,4.750582,4.754866,4.485625,4.42423,4.222896,4.314077,4.406533,4.304999,4.188329,4.415297,4.377223,4.546728,4.362884,4.318047,4.536443,4.534806,4.617482,4.590469,4.426175,4.601594,4.378234,4.938178,4.756547,4.888158,5.041798,4.396176,4.573013,4.738683,4.323048,4.484515,4.460017,4.301221,4.204077,4.760693,4.395626,4.694138,4.486989,4.264879,4.388017,4.500688,4.69111
ETV1,3.66108,3.973332,4.129569,3.585054,3.904911,3.958852,3.629262,4.137587,3.970442,3.442092,4.212035,4.204037,4.165602,4.239385,4.155171,4.793886,3.958138,4.031112,3.889678,4.310373,4.688078,3.944582,4.410465,4.26313,4.428039,4.348559,4.113761,3.670085,4.067472,3.8021,3.556945,4.028083,3.907452,3.789676,3.826208,3.794587,4.213478,4.539982,4.604495,4.6075,4.232005,3.885826,4.804719,4.401411,4.710251,4.27214,4.585768,4.612666,4.42195,4.505955
MBD1,4.949388,5.083232,4.840611,4.986985,4.793609,4.99302,4.886771,4.917777,4.653393,5.197043,5.120901,4.978275,5.010799,4.568018,4.828258,4.841972,4.936095,5.036687,4.912448,4.805026,5.067307,5.048198,5.124658,5.108059,4.901386,4.973264,5.154415,5.181494,5.124656,4.92656,5.282022,5.293742,5.468402,5.21795,5.02895,5.277794,5.161685,4.640928,4.980127,4.81157,4.899095,4.74484,5.447215,5.052495,5.111287,5.045126,4.796465,4.875098,5.197667,5.240242
ZNF142,6.224142,6.314917,6.169866,6.25264,6.303784,6.332885,5.910811,6.591417,6.472268,6.319329,6.533532,6.183969,6.191861,6.43858,6.396172,6.484539,6.46643,6.514865,6.361738,6.638885,6.800747,6.46385,6.612591,6.487939,6.548163,6.579075,6.259459,6.496309,6.655411,6.315703,6.655244,6.576661,6.42118,6.747532,6.366927,6.529776,6.517558,6.2946,6.465535,6.408047,6.071289,6.2439,6.590966,6.31221,6.262086,6.537132,6.330768,6.378687,6.406626,6.450548
PPP1R8,5.487107,5.625031,5.908356,5.312703,5.610874,5.591584,5.464636,5.490509,5.732609,5.697225,5.663139,5.76439,5.577997,6.019587,5.707547,5.988053,5.816821,5.71444,5.858451,5.860035,5.947688,5.776935,5.869284,5.866235,5.843585,5.993318,6.233338,5.536448,5.903639,5.809356,5.925058,5.725976,5.786658,5.772379,5.808522,5.82418,6.071208,5.434923,5.687331,5.730192,5.434238,5.845854,5.741889,5.649581,5.859795,5.566666,5.871251,5.562308,5.690472,5.75929
KDM5C,7.471226,7.558589,8.107818,7.520391,8.018091,8.141429,7.580327,7.881257,8.047498,8.126735,7.765271,7.662983,7.971278,8.541972,7.868165,8.079669,7.842275,7.978763,7.899207,8.226488,8.367531,8.09158,8.413231,8.3338,8.594375,8.169098,7.704672,8.017518,8.194469,8.462155,7.797492,7.993144,7.855328,8.059364,8.191659,8.389998,8.057984,7.871711,7.711126,8.201542,7.300091,7.823488,7.75071,7.752949,7.806334,7.839553,8.275398,8.326054,7.954997,8.0595
ARID3A,5.479435,5.309807,5.36112,5.565246,5.508643,5.339774,5.456627,5.415969,5.52626,5.189908,5.371507,5.642408,5.495445,5.414296,5.707208,5.637788,5.759187,5.558404,5.512197,5.59453,5.487438,5.537023,5.334346,5.437272,5.568961,5.487245,5.832583,5.527144,5.608855,5.628511,5.623886,5.62167,5.555484,5.618459,5.707328,5.652036,5.798019,5.466547,5.718374,5.238976,5.425936,5.450544,5.418501,5.517797,5.480887,5.360859,5.464847,5.456065,5.374626,5.388745
CTNNBIP1,7.577594,7.289519,7.053803,7.528922,7.159309,7.110884,7.41188,7.421142,7.370373,7.981277,7.214376,7.028351,7.282497,7.045449,7.204236,7.313537,7.221292,7.250971,7.134639,7.163979,7.210397,7.241464,7.376657,7.253231,7.246901,7.204648,7.347962,7.181389,7.384502,7.148344,7.014712,7.278419,7.237514,7.257204,7.246925,7.044074,7.177245,7.224585,7.243825,7.400529,7.288067,7.21529,7.519288,7.465897,7.413414,7.299753,7.203827,7.346173,7.344732,7.273354
E2F5,4.345982,4.330981,4.277229,4.461812,4.40487,4.373473,4.456007,4.226195,4.366456,4.694422,4.466761,4.424064,4.445243,4.347907,4.492247,4.421037,4.465694,4.424524,4.318989,4.482074,4.314513,4.393477,4.256769,4.284437,4.224777,4.350754,4.503591,4.369843,4.289479,4.320076,4.223329,4.401504,4.428752,4.483402,4.470965,4.542672,4.402508,4.309137,4.240271,4.158823,4.592333,4.167805,4.086908,4.428275,4.477473,4.153824,4.34929,4.155374,4.013,4.351222
MGA,5.699677,5.803716,5.72477,5.58046,5.820912,5.76961,5.856363,5.834971,6.110337,5.421333,5.918288,5.517312,5.765485,5.990609,5.78006,5.551774,5.869703,5.577292,5.852181,5.738602,5.720877,5.780543,5.77781,5.789926,5.985835,5.844943,5.863749,6.080653,5.878223,6.071609,5.831442,5.956171,5.888481,6.146832,6.007583,5.907446,5.893376,6.017404,5.720178,5.875174,5.541748,6.107428,5.544066,5.828085,5.828566,5.748885,5.796102,5.988137,5.667073,5.89613
NOTCH3,7.191672,7.104981,7.430252,7.15209,7.809338,7.369419,7.084836,7.119359,7.641528,6.958961,7.620268,7.166145,7.681855,7.243738,7.293611,7.207284,7.60387,7.545001,7.496801,8.058062,7.846138,7.632316,7.388597,7.301689,7.691846,7.696979,7.592977,8.095638,7.993416,8.507445,7.469325,7.756148,7.570667,7.840749,7.469132,7.412499,7.254325,7.083804,8.380218,7.265038,7.473489,7.434633,7.625021,7.116713,7.269169,8.073235,7.108778,7.653669,7.000382,7.569758
PTGER3,4.857528,4.740819,4.740476,4.743019,5.42087,4.631444,5.10385,4.685138,4.995664,4.659731,4.815871,5.313783,5.047275,5.413017,4.959072,5.270155,5.713599,5.889362,5.091586,4.923878,5.363167,5.29737,4.987352,5.23859,5.431169,5.155288,4.824495,4.506121,5.022959,4.993262,4.822812,4.640549,4.780159,4.920935,4.753085,5.438396,5.182953,5.417905,5.773432,5.146071,4.748118,5.151433,5.029246,5.600833,5.162544,5.289666,5.269229,4.797116,4.753989,5.077292
FOS,6.853766,6.754205,6.694674,6.668039,6.095806,6.482427,6.695319,5.840359,6.300977,8.85792,5.755579,5.868692,6.83266,5.232389,5.699476,6.372657,6.408296,4.995364,5.683086,5.931252,6.298887,6.440643,6.169674,5.55559,5.611518,5.702746,5.817799,6.395184,4.887249,5.458812,8.488616,6.009775,7.154228,4.857686,4.489062,8.571537,8.463068,7.019809,6.284905,5.560854,5.538784,4.552354,6.055158,5.887131,5.506385,5.029818,6.538567,4.610974,4.989466,5.519449
PLEK,3.275552,2.834428,3.185589,3.142882,3.379148,3.40045,3.094256,3.153348,3.306595,3.296681,3.111968,3.265975,3.486266,3.350623,3.336446,3.460355,3.524144,3.343591,3.318282,3.148651,3.292733,3.272119,3.334258,3.331506,3.321352,3.347322,3.565144,3.348165,3.464376,3.757252,3.442784,3.558855,3.316595,3.307075,3.423533,3.45969,3.604665,3.354575,3.489667,3.343507,3.026433,3.336907,3.287872,3.436195,3.184084,3.054434,3.434795,3.136483,3.579543,3.238017
YBX1,7.826814,8.431907,8.761429,8.344574,8.690884,8.538873,8.251322,8.282765,9.02461,9.201785,8.923233,8.226508,8.376197,8.403234,8.115346,8.026521,7.936308,8.038772,8.647493,8.29814,8.171706,8.253525,8.277067,8.329834,8.416905,8.713434,8.469974,8.255331,8.480914,8.57084,8.799151,8.264887,8.5295,8.655329,8.532081,8.376937,8.172967,8.301685,8.223268,8.39714,8.204736,8.427563,8.451809,7.963169,8.224167,8.257342,7.894419,8.122232,8.168592,8.301497
PAPOLA,4.697847,5.029622,4.54489,4.316979,4.600119,4.626297,4.634711,4.437377,4.224199,4.081115,4.850437,4.917776,4.684462,4.338809,4.298234,4.269289,4.551146,4.513464,4.272607,4.424721,4.458961,4.400556,4.351095,4.195075,4.19904,4.462988,4.73332,4.355732,4.551322,4.162828,4.127009,4.664458,4.598254,4.50179,4.577133,4.7735,4.611085,4.207343,4.111975,4.275919,4.351585,4.442013,4.580688,4.329984,4.410483,4.010012,4.264384,4.30776,4.204422,4.570906
ZNF292,3.046754,3.622064,3.318333,2.949515,3.381975,3.449999,3.140029,3.124202,3.241404,3.161272,3.322277,3.208828,3.367294,3.379195,3.429579,3.154541,3.350046,3.367116,3.512365,3.254666,3.693895,3.253441,3.347667,3.378734,3.360619,3.320031,3.176795,3.142817,3.579949,3.614516,3.839317,3.438756,3.640125,3.67559,3.398844,3.568984,3.501328,3.383815,3.687131,3.402521,3.314659,3.341135,3.308844,3.2782,3.44591,3.516666,3.260133,3.435737,3.315182,3.464888
HIVEP1,4.264951,4.725102,3.88898,3.943995,4.352194,4.416952,4.451146,4.257318,3.745043,3.896755,4.196215,4.40853,4.542822,4.147807,4.447858,4.443833,4.405111,4.383664,4.149403,4.043214,4.449948,4.323738,4.657264,4.584467,4.423066,4.782375,4.690351,4.51208,4.651849,3.871858,4.520361,4.657169,4.848388,4.760597,4.263634,4.594283,4.777121,4.549532,4.322312,4.415008,4.23073,3.906112,5.04685,4.527534,4.5936,4.3604,4.393344,4.301523,4.526596,4.605956
HMGN3,5.748565,5.960597,5.751926,5.62383,5.62919,5.769528,5.566613,5.754801,5.833706,5.765762,5.994156,8.707325,8.556743,8.457707,8.614209,8.37511,8.506916,8.381083,8.669231,8.645353,8.941771,8.721831,8.744915,8.603457,8.750135,8.84497,8.921264,8.380103,8.97456,8.531739,9.359558,8.641013,9.031066,9.278079,8.624529,8.831204,8.68146,5.606082,5.70015,5.724202,5.691545,5.098674,5.753713,5.452814,5.61598,5.866817,5.261452,5.634153,5.590675,5.605007
ASB1,5.288835,5.203739,5.810281,5.322837,5.654986,5.451272,5.517984,5.456726,5.575119,5.330702,5.454695,5.562476,5.262538,5.586267,5.432064,5.758183,5.233094,5.391077,5.687724,5.719263,5.690366,5.464881,5.73863,5.585258,5.61947,5.579669,5.357379,5.538707,5.859169,5.736671,5.771978,5.634606,5.58187,5.594439,5.606081,5.488643,5.986578,5.414299,5.806035,5.684859,5.484739,5.453254,5.750138,5.496424,5.707438,5.462254,5.509833,5.5721,5.613662,5.560714
NFATC3,4.803563,4.833097,4.702086,4.706756,4.796741,4.691266,4.889485,4.693249,4.999105,4.523906,5.030411,3.818421,4.057885,4.197145,4.228762,4.249877,4.337356,4.179927,4.966486,4.539944,4.40602,4.563455,4.018404,4.067712,4.428403,4.311194,4.922659,4.252216,4.686403,4.651204,4.489655,4.276763,4.192644,4.476896,4.551322,4.152115,4.16131,4.493146,5.008697,4.62639,4.808437,5.250819,4.860319,4.667525,4.678214,4.830905,4.390696,4.710691,4.560094,4.67426
ZNF282,7.233472,7.23289,7.263286,7.301135,7.410922,7.255602,7.328642,7.254617,7.48423,7.089953,7.511719,7.122909,7.311397,7.467038,7.481606,7.516212,7.577676,7.546245,7.673208,7.454226,7.538696,7.429469,7.366516,7.450124,7.515561,7.404382,7.657098,7.185057,7.7032,7.563107,7.273852,7.399534,7.324369,7.500603,7.504942,7.41829,7.595158,7.350029,7.25969,7.255808,7.377144,7.65096,7.2478,7.407923,7.384362,7.251204,7.452804,7.353421,7.291346,7.242842
ZNF85,4.001793,4.175705,4.117892,3.70165,4.102959,4.026069,3.792111,3.838399,3.719778,4.02904,3.708574,4.108612,4.125538,4.065502,3.758804,4.046076,3.807486,3.970214,3.840596,3.750867,4.04195,3.873617,3.972297,4.027099,4.123576,4.091374,3.846507,4.004663,4.147162,4.304273,4.064266,4.113503,4.114128,4.524847,4.144416,4.344323,4.161413,4.05898,3.615104,4.109902,3.66848,3.852073,3.721041,3.747932,3.807417,4.145272,3.855017,4.114451,4.116323,4.04263
KHDRBS2,3.624181,3.641012,3.405099,3.497008,3.612902,3.601411,3.742505,3.493568,3.629153,3.54115,3.457478,3.474522,3.676285,3.599151,3.529823,3.556961,3.545277,3.513462,3.567895,3.423021,3.43501,3.392225,3.62569,3.527194,3.486446,3.512439,3.961956,3.724102,3.689286,4.083902,3.47073,3.760693,3.671788,3.819986,3.742248,3.904343,3.718864,3.577832,3.233743,3.448069,3.347298,3.84064,3.463065,3.436685,3.228932,3.402882,3.743952,3.505851,3.773221,3.413448
SMAD7,4.948507,5.170735,5.306678,5.041969,5.243271,5.296652,5.221533,5.234414,5.508141,5.001592,5.499312,5.316455,5.127289,5.337718,5.361999,5.464735,5.484326,5.478601,5.400028,5.396602,5.435683,5.158834,5.491973,5.430033,5.408717,5.417596,5.59805,5.406804,5.688929,5.449757,5.786416,5.545156,5.818054,5.759368,5.440478,5.554249,5.810694,5.151701,5.658107,5.164079,4.933276,5.041222,5.253768,5.475315,5.430033,5.448395,5.507518,5.331328,5.088996,5.503526
APBB2,3.554444,3.787367,3.862968,3.669245,3.946906,3.815235,3.584956,3.785289,3.910663,3.802736,4.070111,3.809356,3.776078,3.543128,3.866129,3.862961,3.720836,3.802499,3.86662,3.905825,3.809442,4.056729,3.65611,3.776922,3.642365,3.875271,3.882855,3.826794,4.004535,4.120393,4.085253,4.043957,3.931276,4.020771,4.131036,3.940342,3.918783,3.686898,3.817764,3.807733,3.729452,3.783101,3.823472,3.802953,3.991643,3.613849,3.711094,3.84049,3.702793,4.014882
GATAD1,4.868575,4.877512,4.495503,4.740547,4.648255,4.596897,4.725238,4.567366,4.967668,4.299994,4.791609,4.786937,4.771505,4.546823,4.56496,4.661106,4.724785,4.626752,4.969912,4.823395,4.781577,4.498174,4.623611,4.572284,4.754543,4.724034,5.100826,5.057034,5.105457,4.855716,4.841581,4.74642,4.908659,4.723422,4.696071,4.940539,4.575186,4.639946,4.990854,4.820443,4.928647,4.756034,4.646467,4.636997,4.622149,5.10771,4.601212,4.891536,4.674942,4.666404
ZNF710,5.70626,5.49975,5.405984,5.631918,5.483821,5.348646,5.540181,5.249588,5.676004,5.525132,5.386392,5.439716,5.610004,5.479594,5.813313,5.528411,5.889453,5.740836,5.910808,5.542592,5.667586,5.729189,5.50934,5.628669,5.464986,5.430097,5.925361,5.575087,5.586561,5.834192,5.473489,5.601497,5.634273,5.565884,5.90647,5.792177,5.554921,5.327282,5.520425,5.229327,5.617437,5.694579,5.39311,5.632254,5.55443,5.42083,5.495932,5.453405,5.338181,5.484291
KCNH2,6.559089,6.501904,6.616163,6.643748,6.756525,6.674149,6.72596,6.761731,6.54438,6.752805,6.649097,6.991535,6.862623,6.844131,6.931873,7.070759,6.856077,6.928407,6.842145,6.872393,6.881101,6.875404,6.854679,6.88205,6.868766,6.850751,6.582543,6.964258,6.663135,6.739507,6.700942,6.735128,6.698087,6.769945,6.777451,6.887401,6.905268,6.743938,6.584132,6.711927,6.57443,6.564529,6.679867,6.846132,6.7298,6.727017,6.797162,6.779629,6.738483,6.727707
BMP7,5.280161,5.298799,5.624769,5.09316,5.546708,5.477231,5.332818,5.355515,6.130446,5.08492,5.534386,5.115455,4.932158,5.593823,4.96864,4.772465,5.213764,5.041596,5.348188,5.080806,5.060155,5.150542,5.301155,5.093041,5.224984,5.45266,5.682763,4.840203,5.740775,6.107741,5.05219,5.414549,5.283628,5.487812,5.38895,5.398663,5.021608,5.235747,5.374366,5.401096,5.292692,5.295322,5.0776,4.909683,5.450221,5.704877,5.163671,5.435691,4.928393,5.292527
SFPQ,5.690888,5.877248,5.819102,5.456225,5.6853,5.760987,5.511724,5.966104,5.851689,6.471724,5.803468,6.381564,6.723768,6.533167,6.617567,6.356323,6.460816,6.74843,6.932879,6.660584,6.855334,6.777836,6.863867,6.585388,6.84908,6.975698,6.581696,6.673586,6.833554,6.203374,6.856168,6.850592,6.928152,6.908343,6.653987,6.662728,6.68793,6.543535,6.576952,6.933377,6.245848,6.335765,6.810051,6.377991,6.464611,6.800684,6.275699,6.758435,6.716359,6.723385
RCOR1,3.489332,4.362855,3.889267,3.922636,3.643901,4.116589,3.531452,4.052891,3.723705,4.387838,3.927132,4.108355,3.791541,4.168006,3.669676,3.930437,3.857197,3.95458,4.08006,3.784091,4.219152,4.144817,3.974396,4.11849,3.832222,4.327767,3.936411,3.826836,4.092226,3.889578,4.539956,4.188197,4.912688,5.353174,3.974468,4.056006,4.514705,3.823691,4.275912,4.161827,3.378268,3.880395,4.211528,4.132766,4.354799,4.143525,4.255481,4.023409,4.073319,4.390475
CDH1,3.282282,3.313511,3.302299,3.153188,2.992718,3.307908,3.155585,3.292268,3.461009,3.255615,3.142135,3.482265,3.520437,3.317225,3.843889,3.401107,3.82513,3.547754,3.578115,3.704798,3.597616,3.34557,3.396637,3.637096,3.536951,3.67135,4.061576,3.157045,3.37898,3.452808,3.42853,3.266588,3.254822,3.03323,3.595343,3.534999,3.177357,3.248733,3.318257,3.034342,3.258038,3.263784,2.911933,3.065994,3.394613,2.860139,3.048606,3.095874,2.868325,3.202312
ZNF195,3.011615,3.568602,3.537788,2.92494,3.024496,3.566242,2.971485,3.577731,3.101256,3.339237,3.254396,3.016299,2.863453,3.129806,3.079313,2.882203,2.881203,2.771899,3.01033,3.202601,3.028752,2.983194,2.985093,3.041043,3.286005,3.309742,3.069601,3.125739,3.075764,2.989787,3.20829,3.266472,3.297128,3.189097,2.84904,3.212758,3.495424,3.124462,3.032785,3.4946,3.01093,3.062491,3.291128,2.840767,3.386658,3.207219,3.384198,3.410017,3.625775,3.370878
XPC,5.567984,5.441945,5.306165,5.551843,5.163187,5.195601,5.376351,5.27965,5.540824,5.027393,5.430876,7.374161,7.335213,7.147853,7.430791,7.425058,7.405381,7.373357,7.619588,7.57208,7.532965,7.448569,7.38581,7.266714,7.256298,7.459165,7.758718,7.333864,7.51917,7.418745,7.762259,7.512796,7.482294,7.294179,7.578487,7.499872,7.115296,5.199695,5.754627,5.440217,5.539337,5.353862,5.405606,5.142102,5.493747,5.310769,5.133437,5.249835,5.128709,5.022316
BRCA1,3.400071,3.259237,3.09187,3.268928,3.317456,3.074883,3.319088,3.14657,3.215683,3.181581,3.344036,3.000111,2.794708,2.677255,3.270503,3.105805,3.118916,3.311824,3.217276,2.90929,2.822486,3.210989,2.918118,2.922933,2.922051,2.679036,3.472756,3.328082,3.378002,3.487565,3.34394,3.198658,3.247375,3.176403,3.65492,3.23309,3.261063,3.093156,3.076756,3.153269,3.254646,3.370095,3.030579,3.235424,3.202998,3.011198,3.113117,3.061531,3.157997,2.990857
MLX,6.087213,6.091131,6.28588,6.176801,6.312786,6.360692,6.326198,6.123996,6.329322,5.751941,6.257671,6.067089,6.128892,6.244135,6.110262,6.344709,5.988868,6.310229,6.185949,6.030335,6.290707,6.257989,6.125979,6.190786,6.317017,6.206237,6.385421,6.125995,6.585061,6.075978,6.384428,6.451561,6.518585,6.483354,6.11446,6.43566,6.516988,6.177252,6.32744,6.418485,6.044638,6.267711,6.393952,6.354495,6.295538,6.34307,6.247485,6.512266,6.406465,6.287606
PLXNA3,4.402029,4.213048,4.219929,4.172152,4.534085,4.565671,4.333234,4.526697,4.186551,4.144853,4.162392,4.477617,4.419008,4.819176,4.472479,4.560856,4.36881,4.598251,4.555525,4.503332,4.489668,4.47215,4.663344,4.571663,4.775734,4.42473,4.323197,4.440374,4.372063,4.601869,3.895032,4.444105,4.279405,4.357765,4.59376,4.595512,4.422255,4.465247,4.237957,4.207379,4.334769,4.428299,3.872086,4.29457,4.327201,4.18021,4.34074,4.386502,4.137166,4.587907
MYCN,4.607594,4.845562,4.845607,4.79849,4.889965,4.773009,4.889841,4.864479,5.035263,5.60758,4.808042,3.921,3.718815,3.828739,3.859831,3.973698,3.798824,3.87404,4.037391,3.827744,3.936129,3.667734,3.788074,3.862352,4.157874,3.807227,4.269993,3.983043,4.12093,3.733302,4.412085,3.916541,4.235446,4.161425,4.021951,3.783375,4.349624,3.819387,3.68268,3.59328,4.325731,4.130402,3.448772,3.795654,3.769104,3.496385,3.965058,3.763152,3.635428,3.734456
JUND,10.875169,10.570389,10.650483,10.651593,10.71827,10.543366,10.546296,10.700694,11.071335,11.361713,10.411506,10.723564,10.856282,10.675924,10.795306,10.700071,10.922106,10.854806,10.96403,10.824856,10.940078,10.881685,10.831634,10.817591,10.717102,10.787377,10.907789,11.021294,11.006043,11.114974,10.799223,10.815288,10.739595,10.840367,10.935508,11.093893,10.83315,10.77961,10.75297,10.880606,10.752116,10.539849,10.418113,10.575995,10.636495,10.742231,10.660584,10.875155,10.767744,10.836233
IRF5,4.975864,5.14014,5.045701,5.182881,5.10435,5.074048,5.362347,5.022314,4.876071,5.246265,4.945106,6.056679,5.965077,6.020708,5.898135,6.346962,6.062528,6.141433,6.00049,5.832509,5.913803,6.019345,5.854694,5.863336,5.848606,5.973703,5.237282,5.194066,5.085029,5.229447,5.384514,5.265829,5.351522,5.266609,5.461319,5.192321,5.403338,5.221356,5.307965,5.023833,5.23854,5.424956,4.834834,5.393734,5.15188,4.999142,5.509587,5.094724,5.13135,5.17195
HIPK3,4.409498,4.217679,4.278865,4.403001,4.46182,4.258297,4.593432,4.236264,4.485167,4.347833,4.237188,5.783401,5.708196,5.87178,5.593749,5.628015,6.066881,5.77928,5.749444,5.586686,5.632591,5.655154,5.56562,5.526159,5.442142,5.602325,5.868138,5.981706,5.753287,6.167255,5.270212,5.642268,5.608213,5.708367,6.078222,5.901402,5.726735,5.793545,5.536873,5.632539,5.689545,5.833026,5.22621,5.664774,5.654982,5.557347,6.005749,5.707009,5.608391,5.644931
DSP,3.798876,3.303816,3.104857,2.946955,3.235759,3.309939,3.351432,3.120521,3.43025,3.099067,3.321535,3.376549,3.68622,3.601061,3.327598,3.361247,3.338148,3.560786,3.309301,3.461062,3.249348,3.913587,3.238962,3.650565,3.418211,3.449241,3.706043,3.624847,3.452445,3.58861,3.357257,3.502787,3.819861,3.754158,3.455808,3.240229,3.448198,3.269343,3.871085,3.451424,3.145234,3.475756,3.658594,3.407105,3.424672,3.925572,3.373552,3.385409,3.633993,3.424655
BRD1,5.882573,5.472478,5.241512,6.059304,5.611894,5.414886,5.753882,5.595844,6.058885,5.941288,5.555235,5.882736,6.058542,5.943057,6.065662,5.662651,5.988511,6.127817,6.073522,6.024587,5.952898,5.971433,5.932677,5.820537,5.948444,6.078028,5.898728,5.77144,5.702369,6.218579,5.471655,5.66352,5.513949,5.720105,5.80389,5.925447,5.111673,5.807219,6.309534,5.879356,5.977273,6.061815,6.073512,5.658764,5.692349,5.928708,5.565851,5.737554,5.998637,5.821158
ERCC8,5.117972,5.079073,4.907679,5.133679,4.954415,5.126386,5.226441,5.033848,5.211663,5.019871,5.004615,4.754669,4.810123,4.844544,4.825576,4.975845,4.934469,4.980679,4.938252,4.577108,4.809843,4.726439,4.776157,4.745231,4.740024,4.807895,5.096614,5.109788,5.002616,4.885163,4.848918,5.005611,5.150742,5.012598,5.10476,5.136262,4.895106,4.93284,4.719391,4.849374,4.846189,4.632425,4.825847,4.988396,4.856531,4.730862,4.968048,4.740313,4.89873,4.781369
ZNF134,3.963734,4.095394,4.481188,3.914602,4.023788,4.34554,4.224736,4.200083,3.88102,4.287649,4.119323,4.275889,4.105203,4.060843,3.944167,4.154144,3.943847,3.857497,3.877631,4.145751,3.766776,3.699225,3.756766,3.883539,3.886145,4.177459,4.127249,4.052077,3.906089,4.082357,4.227595,3.970637,4.077493,4.124893,4.043229,4.068844,4.321407,4.016998,3.892469,3.997861,4.246827,4.187343,3.766787,3.861487,4.037464,3.962027,4.309438,3.928036,4.162431,4.06175
EPAS1,5.114323,4.892558,4.875623,4.874595,5.072222,4.953984,4.926561,4.867028,5.499076,4.919813,4.943404,7.217021,7.183311,7.157217,7.157007,7.260504,7.371494,7.196851,7.215364,7.128083,7.126685,7.183233,7.183217,7.157651,7.260017,7.180225,4.869474,5.082594,5.115885,5.479402,4.813196,5.035847,4.981601,5.118834,5.03489,5.065289,4.985388,7.313424,6.790698,7.065101,7.182178,7.280877,6.759586,7.156391,7.077914,6.94584,7.457065,7.309899,7.121232,7.11245
PASK,3.963241,4.577544,4.402537,4.098066,4.713879,4.591052,4.543832,4.777249,4.199891,4.17537,4.250571,4.25526,4.706494,4.757197,4.319762,4.796936,4.69701,4.276851,4.260381,4.548323,4.51328,4.612732,4.652701,4.560355,4.545128,4.43028,4.586861,4.737244,4.814342,4.049079,4.958668,4.796957,4.907483,4.701082,4.197075,4.540599,4.956447,4.644316,4.704366,4.732583,4.281697,4.192395,4.976159,4.72197,4.541139,4.436909,4.254328,4.373963,4.423107,4.630869
CALCOCO1,8.01466,8.624966,8.588171,8.12454,8.504952,8.594586,8.36745,8.624468,8.333341,8.157686,8.435553,8.357611,8.60455,8.544048,8.62867,8.387688,8.660519,8.531547,8.718515,8.645319,8.655887,8.646011,8.609943,8.645155,8.740742,8.584771,8.517245,8.604904,8.627843,8.402843,8.854191,8.657868,8.656157,8.5808,8.623247,8.562393,8.458653,8.280816,8.498085,8.578466,8.251235,8.485413,8.406182,8.389105,8.343783,8.61418,8.316811,8.543274,8.504014,8.406229
MDFI,3.329241,3.416646,3.390998,3.937031,3.403674,3.531016,3.739198,3.551401,3.76569,3.239384,3.630983,3.452051,3.637037,3.762576,3.38504,3.481949,3.581479,3.184627,3.522177,3.457301,3.526,3.054319,3.207014,3.426563,3.643171,3.458012,3.366916,2.953153,3.239758,3.654775,3.213473,3.104114,3.345334,3.172143,3.645572,3.309731,3.382575,3.491441,3.730039,3.436825,3.298727,3.659455,3.045821,3.532509,3.424146,3.102705,3.210503,3.304177,3.163448,3.430164
TTLL5,5.362151,5.255722,5.474358,5.496377,5.524926,5.481654,5.591436,5.510192,5.548875,5.252444,5.417686,4.94477,5.385497,5.604178,5.333285,5.209785,5.25037,5.100092,5.539742,5.44243,5.215841,5.448475,5.365354,5.178346,5.259611,5.307018,5.614605,5.442781,5.819071,5.779606,5.672486,5.48393,5.338972,5.683697,5.521873,5.609614,5.575002,5.471268,5.613602,5.528376,5.372169,5.42012,5.531067,5.503122,5.487593,5.626779,5.641205,5.549007,5.62216,5.528019
ACVRL1,4.847311,4.783221,4.834987,4.920641,4.855906,4.84029,4.928073,4.765151,5.073649,4.551567,4.757323,5.098717,5.049118,5.505068,5.099218,5.082223,5.325646,4.980492,5.068802,5.070358,5.152472,5.300808,5.098154,5.060208,5.202638,5.096397,4.844395,5.215493,5.10136,5.624204,5.058059,5.064093,4.912973,4.960098,5.292182,5.095805,5.106693,4.596463,4.818197,4.581595,4.754755,5.080807,4.817209,4.698115,4.620292,4.699322,4.812894,4.999753,4.680295,4.785435
CRIP1,4.436898,4.605356,5.159117,4.530068,5.159146,4.720928,4.612238,5.110733,5.545161,4.615047,5.230906,4.62872,5.434322,4.869983,4.44864,5.28026,4.639345,5.077004,5.249085,4.864655,4.900489,4.895376,4.704835,4.883623,4.893589,4.98598,4.480983,5.777262,4.953521,6.142184,5.726892,5.180479,5.056254,5.757875,5.071715,5.046988,5.35256,4.926042,4.783465,5.049778,4.953997,4.941546,5.516636,4.923187,4.813629,5.086619,5.181642,5.022964,5.17628,4.857444
SMARCE1,6.44635,6.691319,6.653848,6.692214,6.751279,6.796429,6.699821,6.680346,7.01335,7.163805,6.952797,6.658163,6.768323,6.960558,7.128903,7.055788,7.247612,7.172745,7.351842,7.133241,7.121726,7.151847,6.903097,6.945146,7.099928,7.124466,6.647694,6.830541,6.935644,6.850827,6.723835,6.887038,7.113807,7.219124,6.891935,7.132744,6.813066,6.86766,6.885776,7.033552,6.883939,6.684902,7.010837,6.751358,6.879291,6.707852,6.899266,6.978872,6.9652,6.867857
ZFR2,6.458862,6.437779,6.498941,6.588852,6.397564,6.259461,6.508948,6.734492,6.62605,6.147269,6.093291,6.445,6.534847,6.412698,6.564907,6.509892,6.521807,6.483547,6.366572,6.55549,6.475029,6.526533,6.510188,6.311554,6.504506,6.408749,6.8943,6.709231,6.792361,7.043409,7.088776,6.421816,6.559272,6.417743,6.554494,6.374635,6.671114,6.475004,6.992625,6.701051,6.758552,6.156974,6.636049,6.475028,6.294722,6.872489,6.285421,6.284043,6.327831,6.402718
SNAPC1,3.699246,3.79994,4.098515,3.721296,3.926814,4.007867,3.928025,4.126401,3.743082,3.477881,3.997064,3.613329,3.269567,3.941061,3.648895,3.716841,3.442736,3.397551,3.569816,3.630809,3.588326,3.574774,3.549479,3.544262,3.77487,3.650233,4.581929,3.470703,3.470967,4.120625,3.648847,3.549773,3.76313,3.776841,3.726314,3.580655,3.638855,3.842165,3.633292,3.561719,3.14861,3.31649,3.632337,3.506403,3.681517,3.68357,3.825195,3.620471,3.572838,3.710497
NFKBIL1,6.532139,6.397739,6.489392,6.708142,6.478985,6.487623,6.537909,6.609718,6.491815,6.678201,6.460358,6.617055,6.637868,6.666012,6.664807,6.737241,6.712509,6.735167,6.767337,6.603136,6.682536,6.745747,6.616092,6.639274,6.593696,6.683519,6.685459,6.669522,6.614668,6.950504,6.541808,6.67773,6.644015,6.709819,6.654303,6.680782,6.527623,6.589412,6.45817,6.500979,6.832359,6.694356,6.275493,6.61522,6.212078,6.710477,6.364396,6.66311,6.685145,6.505377
CRTC1,8.687968,8.908407,8.89074,8.979536,9.105457,8.978633,9.045286,9.161926,8.917969,9.210073,8.900829,8.855813,8.932772,9.092185,9.159948,9.11874,9.309767,9.33139,8.895802,9.116588,9.147379,9.259115,9.173445,9.186652,9.055213,9.184514,8.814457,9.315412,9.149451,9.09942,9.076916,9.072425,9.181924,9.24211,9.182361,9.344888,9.379922,8.951541,8.988387,9.065149,8.771839,8.76299,9.169598,8.968029,8.908689,9.454924,9.197741,9.146611,9.305903,9.072551
GTF3C2,5.532026,5.811675,5.557739,5.780503,5.5761,5.547148,5.689543,5.6245,5.667078,5.55204,5.699565,5.601528,5.625846,5.698793,5.573394,5.779632,5.665736,5.770576,5.66932,5.702464,5.875412,5.845868,5.785734,5.657817,5.743101,5.733934,5.865259,5.702943,5.932626,5.221951,6.108462,5.797511,6.023724,5.817784,5.556892,5.945319,5.93575,5.646571,5.902911,5.642686,5.415634,5.719922,6.076217,5.724666,5.739312,5.633576,5.604644,5.660451,5.71312,5.931407
LOC155060,6.660834,6.800574,6.756482,6.693192,6.763041,6.753712,6.484284,7.033857,6.671549,6.54255,6.377587,6.587027,6.624225,6.766998,6.653145,6.780864,6.428428,6.654109,6.774129,7.167906,7.117112,7.00114,6.857004,6.493238,6.976532,6.832621,7.007336,6.994707,7.12961,6.758572,7.403614,6.958594,6.937192,6.910771,6.783175,6.794377,6.599583,6.490628,7.190852,6.690379,6.676918,6.515774,7.217521,6.609317,6.617052,7.001985,6.425914,6.805278,6.776261,6.782019
VPS4B,2.848341,2.967616,2.799966,2.663344,2.518178,2.666582,2.968954,2.737957,2.742778,2.582172,2.873977,3.150224,3.429505,3.04406,2.813383,2.760043,2.812889,2.937535,2.813329,2.854697,2.788113,3.236548,2.638353,3.155082,3.040211,2.939371,3.047759,2.861311,2.631327,2.740996,2.504871,3.107353,3.276824,2.914095,2.847433,2.891971,2.93756,2.902499,2.761791,2.861565,3.111938,2.823997,2.934064,2.980926,2.923438,3.060552,2.773802,2.842718,2.711743,2.955303
ZFYVE26,4.341669,4.577839,4.817282,4.445941,4.643617,4.557742,4.522621,4.480062,4.694404,4.372633,4.745655,4.371684,4.365726,4.789361,4.286006,4.536187,4.246756,4.317907,4.520484,4.458067,4.558546,4.280968,4.20256,4.314362,4.345404,4.534651,4.505534,4.556037,4.889507,4.819201,5.017691,4.786778,4.586414,4.691266,4.616986,4.66284,4.670267,4.621586,4.751273,4.548688,4.65565,4.565075,4.495925,4.477747,4.705605,4.451999,4.812053,4.454599,4.368121,4.538366
RNF114,5.410402,5.850568,5.518432,5.484793,5.545741,5.789766,5.418736,5.478797,5.891887,6.018821,6.191353,5.2175,5.571636,5.030152,5.436455,5.130977,4.998571,5.153279,5.668658,5.696468,5.260114,5.249676,5.446799,5.601694,5.475404,5.550199,5.77459,5.54594,5.657841,5.470461,6.151075,5.527934,5.776661,5.598136,5.452631,5.624183,5.400502,5.255701,5.43647,5.410735,5.855075,5.731894,5.866254,5.279676,5.505435,5.325899,4.847001,5.383058,5.374894,5.307785
PLXND1,7.174805,7.227466,7.414343,7.033806,7.477805,7.317094,7.450688,7.273618,7.496445,6.619554,7.41535,7.129721,7.050498,7.232516,7.362383,7.284542,7.250484,7.341023,7.545255,7.540802,7.423464,7.325561,7.3309,7.225916,7.355954,7.353265,7.767071,7.286187,7.728903,7.957509,8.036515,7.35673,7.335171,7.594273,7.540634,7.493218,7.516167,7.01189,7.9153,7.317125,7.330428,7.141759,7.08911,7.169192,7.01041,7.640736,7.007491,7.28026,7.167662,7.428984
PPP1R10,7.326077,7.224109,7.110737,7.174485,7.212352,7.067709,7.068276,7.116942,7.308782,7.186173,7.207215,7.20349,7.300414,7.294583,7.144601,7.46194,7.418401,7.157387,7.331406,7.276433,7.310059,7.319537,7.221254,7.11569,7.227909,7.204004,7.451091,7.243773,7.399821,7.277492,7.257172,7.230225,7.265855,7.332603,7.195179,7.467598,7.296571,7.221192,7.496401,7.236619,7.167665,7.070038,6.981253,7.119623,7.131013,7.263968,7.134924,7.033035,7.098203,7.313923
ZNF7,5.459105,5.220703,5.083644,5.309109,5.291869,5.132122,5.357408,5.261478,5.29009,5.263947,5.363964,5.285016,5.278867,5.330412,5.284587,5.350485,5.588327,5.425664,5.333296,5.282058,5.296559,5.265763,5.29179,5.244027,5.229375,5.233029,5.452324,5.48879,5.264039,5.561127,5.429335,5.430375,5.36983,5.583315,5.274989,5.323705,5.348137,5.069291,5.209784,5.110932,5.323622,5.272423,5.541566,5.325993,5.225915,5.340607,5.389779,5.274223,5.06486,5.055491
HIC2,6.658736,6.692048,6.767526,6.341886,6.938098,6.73099,6.719235,6.968326,6.715134,6.354921,6.719355,6.741743,6.535188,7.015686,6.978146,7.014748,6.758629,6.723477,6.569771,7.042433,6.750586,6.694354,6.754463,6.563775,6.841871,6.763197,6.692985,6.931518,6.945877,7.165541,7.211913,6.772549,6.679685,6.942334,6.789544,6.96119,6.92915,6.79805,7.121185,6.875807,6.648861,6.550148,7.022776,6.78745,6.899276,7.108813,6.970967,6.802902,6.896988,6.884998
CBX6,9.875979,9.968151,9.9983,10.055577,10.050709,9.929774,10.058886,9.996357,9.686511,10.002338,9.933952,10.067236,10.193438,10.094765,9.974362,10.26175,9.833485,9.973691,9.841123,10.031588,10.20799,10.085529,10.104622,10.018078,9.956187,10.005253,10.097553,10.139821,10.390758,9.958336,10.078443,10.106913,10.270938,10.273744,9.850528,10.105807,10.388732,10.112817,10.289954,10.274119,10.118912,9.448156,10.389411,10.232223,10.144405,10.419069,10.102937,10.209164,10.126864,10.140645
ZBTB11,4.42321,5.04567,4.898963,4.882565,4.821206,4.916423,4.551593,4.852818,4.711026,4.846169,5.101021,5.047936,5.020704,4.938064,4.883271,5.146517,4.961221,4.938738,5.094791,5.139393,5.346469,5.1687,5.072991,5.234366,5.335557,5.016219,5.024931,4.917888,5.230046,4.859361,5.627243,5.134905,5.319602,5.448526,4.822292,5.204157,5.628102,4.806454,5.073121,4.90962,4.270123,4.110879,5.212491,4.897047,5.096782,5.066911,4.906007,4.896033,5.040555,5.122069
WWOX,7.176052,7.51897,7.721877,7.701004,7.644862,7.717096,7.428808,7.661984,8.156706,7.493053,7.849905,7.257012,7.209881,7.644767,7.35619,7.243658,7.500417,7.138076,7.288695,7.544772,7.429245,7.532607,7.580128,7.439516,7.511139,7.640978,7.505267,7.393708,7.629318,7.781852,7.520011,7.549866,7.351101,7.566115,7.52868,7.71012,7.424503,7.218417,7.436062,7.612336,7.421674,7.622945,7.368232,7.051573,7.399625,7.633217,6.992366,7.56058,7.310334,7.448283
NPAT,4.781803,5.326874,5.129409,4.920078,5.003316,5.231933,5.123399,4.937964,5.147791,4.996988,5.00972,5.253082,5.08373,4.807367,5.343372,5.157673,5.205946,5.053509,5.143113,5.06284,5.216455,5.26309,4.896024,5.079569,5.115104,5.118294,5.40706,5.045356,5.14924,5.030139,5.278755,5.199051,5.382647,5.536125,5.29745,5.158708,5.308774,5.106167,4.979157,5.039196,4.99145,5.073275,4.823647,5.109356,5.238597,5.11704,5.166825,5.004456,5.107911,5.218823
CHMP1A,8.47588,8.451566,8.710924,8.693071,8.80862,8.620152,8.679128,8.582389,8.712709,8.542634,8.657591,8.61555,8.615523,8.828842,8.597304,8.815266,8.519455,8.66617,8.700903,8.691516,8.774663,8.677712,8.692291,8.71678,8.661384,8.697404,8.893638,8.706997,8.881639,9.107995,8.874583,8.737649,8.702691,8.73855,8.695357,8.816956,8.737993,8.400371,8.86019,8.713463,8.761763,8.700527,8.726301,8.742952,8.593712,8.660166,8.603944,8.571258,8.741918,8.642898
ACVR1B,7.445716,6.976212,6.799042,7.087708,7.142038,6.921786,7.109283,7.01739,7.226093,7.068954,7.02909,9.492565,9.383549,9.921774,9.637837,9.372793,9.70577,9.640567,9.164182,9.929386,9.942579,9.665935,9.843902,9.656846,9.785417,9.722407,9.193011,9.648122,9.937202,9.29475,10.260869,9.769962,9.732445,10.187234,9.410844,10.059609,9.686092,8.501168,8.591583,8.410845,8.379323,8.590132,8.32754,8.424187,8.109357,8.418189,8.034341,8.476673,8.44952,8.541014
EIF5B,4.005064,4.079942,4.016225,3.951461,4.087639,4.042642,4.082849,3.894148,4.003717,3.96166,4.058209,4.458385,4.277815,4.320596,4.099121,4.366763,4.263338,3.988481,4.062471,4.289354,4.478094,4.084182,4.29014,4.281632,4.305696,4.326505,4.284796,3.911712,3.984667,4.242196,4.077173,4.027496,3.86431,3.930464,4.032886,4.098373,4.154549,3.963049,4.341491,3.994906,3.920241,4.165789,4.169141,3.987538,4.112969,3.935064,4.133724,3.889535,3.894165,3.946668
EP400,5.046708,5.146757,4.738402,4.822541,4.908574,4.960647,4.970717,5.005011,4.77862,4.833642,4.920967,5.000133,5.055318,4.864086,4.955589,4.952757,5.159399,5.078413,4.853364,4.924304,5.234799,5.017677,5.072295,4.900647,5.007451,5.081584,5.024065,5.197092,5.03791,4.89613,5.183987,5.27645,5.466506,5.273061,5.08903,5.358139,5.203596,4.952538,4.961512,4.932618,4.819551,4.669977,5.180205,4.901418,5.018524,5.069602,4.824581,5.052189,5.04724,4.979719
FRY,5.127288,5.081648,4.837512,4.780169,5.052539,5.174642,5.128217,5.01404,4.75861,4.600637,4.987511,6.237459,6.092429,6.010909,5.808563,5.929925,5.589241,5.857481,5.566991,6.004674,6.227422,5.94715,6.037205,5.850496,5.877383,6.072328,5.841372,5.973629,6.049548,5.51294,6.267821,6.081606,6.231764,6.126989,5.725108,6.072958,6.25588,5.68712,5.906411,5.964288,5.409579,5.00127,6.254344,5.98555,6.136,6.127736,5.834961,6.009091,6.079939,6.041219
HOXA11,4.638221,4.802722,4.562277,4.993438,4.774238,4.704575,4.924236,4.622743,4.814314,4.583241,4.829071,5.806088,5.808627,5.892662,5.889282,6.070817,6.200022,5.996405,5.975032,5.898115,5.666208,5.76083,5.630992,5.760664,5.788024,5.675588,4.840923,4.959257,4.88451,5.172281,4.547419,4.757038,4.602307,4.772061,4.973456,4.897845,4.931639,4.716204,4.648105,4.721361,4.681578,5.054841,4.415066,4.916745,4.864102,4.592358,4.972683,4.662946,4.6086,4.740922
MAX,6.238238,6.265919,5.99384,6.002919,6.074472,6.318784,6.287666,6.099809,6.355103,6.337097,5.970198,5.226039,5.625979,5.194085,5.026751,4.898212,5.174452,5.784067,5.630545,5.287693,5.138203,5.263636,5.304926,5.78172,5.603262,5.909985,5.776074,6.174681,5.974053,6.215861,5.665982,6.29684,6.369374,6.308782,6.143165,6.203686,5.859425,5.316159,4.87177,5.528171,5.056207,5.332843,5.010699,4.902315,4.720356,4.948291,5.023318,5.531802,5.466862,5.375387
METTL3,6.338167,6.335233,6.704189,6.30576,6.362332,6.595012,6.412629,6.602291,6.611601,5.923507,6.84291,6.422266,6.408866,6.824828,6.75552,6.764526,6.575284,6.664522,6.868229,6.772713,6.666829,6.559745,6.634281,6.658056,6.902675,6.797563,6.420954,6.45854,6.775091,6.360047,6.995223,6.652706,6.757176,6.553424,6.669247,6.513285,6.70984,6.447834,6.449831,6.316968,6.531224,6.5416,6.798064,6.467094,6.555687,6.566735,6.471928,6.477907,6.632299,6.493439
MYBL1,3.040038,2.853198,2.703827,3.135789,2.906713,2.766222,3.076701,2.988874,2.950261,2.98485,3.106496,3.023826,3.024631,2.946417,2.999541,3.252526,2.953758,3.415949,3.403281,3.067355,3.026507,3.042623,3.014488,2.940754,3.138665,3.060619,3.184253,2.984603,2.91184,2.801295,2.930708,2.97327,2.933,2.964998,2.966949,2.901222,2.917878,2.797375,3.226528,2.971119,3.135335,3.183347,3.162076,3.088456,3.127626,3.176011,3.045683,3.086411,2.898008,3.113412
NFAT5,6.036972,5.255936,5.393447,5.853961,5.742913,5.319864,5.734323,5.453816,6.082492,5.228974,5.255347,6.831169,7.955149,7.997368,7.572183,6.460551,7.507598,7.487703,7.891059,7.298319,7.229687,7.553613,7.622313,7.451919,7.510564,7.315266,7.116411,7.996403,7.726945,8.858291,6.940653,7.393643,7.311855,7.260091,7.602532,7.76539,6.267274,7.622873,7.025869,7.41175,7.763355,8.379056,7.085002,7.067181,6.501777,7.368216,6.688492,7.620663,7.292393,7.453859
NR2C1,4.682063,4.937135,4.724275,4.813688,4.809531,4.651442,4.920491,4.860899,4.843332,5.042888,4.902379,4.323569,4.364915,4.243802,4.264251,4.34455,4.461993,4.329736,4.30241,4.454092,4.47737,4.40949,4.378256,4.169619,4.378409,4.369658,4.398815,4.515911,4.485491,4.266821,4.685699,4.537576,4.41604,4.506179,4.464216,4.6068,4.453197,4.105838,4.312651,4.225152,4.158645,4.183576,4.44884,4.110655,4.310293,4.299058,4.202779,4.254921,4.137808,4.126967
PCGF2,7.224701,7.137664,7.163793,7.270606,7.123269,7.145933,7.30072,7.253971,7.31538,7.335176,7.139843,8.837986,8.723582,8.626415,8.671252,8.778608,8.96867,8.725876,8.53977,8.779979,8.77717,8.681137,8.625112,8.584076,8.669992,8.512811,7.32546,7.381714,7.225268,7.187756,7.255501,7.269994,7.151903,7.284658,7.168976,7.23742,7.198701,7.23842,7.566706,7.392806,7.231086,7.130518,7.317719,7.235649,7.402816,7.416908,7.217034,7.300878,7.183342,7.265853
PMS2P3,4.886148,5.112831,4.917987,4.84742,4.672976,4.938421,4.820908,5.165403,4.832986,5.222699,4.835741,4.898289,5.034836,4.692515,4.765865,4.744857,4.676328,4.908354,4.874273,4.879272,4.794855,4.813793,4.829515,5.119168,4.818657,4.928507,5.111543,5.116263,5.026699,5.022473,5.223229,5.191309,5.181158,4.934178,5.081046,4.976508,5.066487,4.962093,4.702569,4.853598,4.64713,4.753853,5.101908,4.920035,4.765412,4.899955,4.90909,4.844444,4.914472,4.830871
POU6F1,5.421649,5.135731,5.109416,5.136407,5.107314,5.1542,5.348953,5.333068,5.215599,5.313349,5.123792,5.290487,5.337664,5.291747,5.281265,5.242574,5.356803,5.474923,5.26583,5.210615,5.319686,5.400039,5.287605,5.448485,5.388818,5.451562,5.145848,5.501038,5.283099,5.473515,4.949525,5.470493,5.628333,5.480595,5.304181,5.362897,5.431986,5.049868,5.176344,5.372988,5.246956,5.126754,5.331709,5.338707,5.234497,5.240241,5.225715,5.413049,5.450681,5.276738
PRDM2,6.965929,6.872399,6.848303,6.703463,6.900299,6.755905,6.785886,6.73761,6.829622,6.831831,7.034502,6.738927,6.87695,6.865542,6.862375,6.555936,6.806074,6.728373,6.938379,6.81917,6.829855,6.84748,6.840974,6.663875,6.774078,6.819978,6.856391,6.70357,6.94803,6.760358,6.901794,6.849915,6.680858,6.722595,6.925442,7.053282,6.523949,6.759083,6.823633,6.765269,6.812569,6.896903,6.786087,6.61333,6.647489,6.727972,6.492545,6.780757,6.628344,6.688003
RBCK1,7.003585,7.025657,7.185346,7.149687,7.154369,7.214098,7.000691,7.220854,7.295459,6.856674,7.300992,6.99331,6.998118,7.304502,7.139355,7.245653,7.121373,7.062608,7.251298,7.367971,7.186872,7.347876,7.215498,7.034029,7.161792,7.172874,7.420197,7.172931,7.199132,7.534091,7.437981,7.148003,7.141802,7.352062,7.216332,7.186258,7.183925,6.993604,7.340743,7.139235,7.060645,7.202359,7.098273,6.879389,7.064096,7.166106,7.010136,7.092082,6.976282,7.033523
REL,3.56723,3.529285,3.298663,3.566642,3.528702,3.266009,3.613649,3.408977,3.587307,3.564998,3.359579,3.441262,3.504335,3.303974,3.432721,3.351641,3.607992,3.558841,3.374823,3.302801,3.312405,3.553635,3.336333,3.328611,3.22947,3.364012,3.650619,3.800264,3.67195,3.754209,3.403395,3.584238,3.526328,3.591512,3.611741,3.768641,3.512421,3.413448,3.431936,3.428807,3.418129,3.534903,3.326532,3.578041,3.383596,3.477012,3.326922,3.503098,3.404898,3.330817
